-- phpMyAdmin SQL Dump
-- version 4.9.0.1
-- https://www.phpmyadmin.net/
--
-- Хост: 127.0.0.1:3307
-- Час створення: Лип 14 2020 р., 02:18
-- Версія сервера: 5.6.43
-- Версія PHP: 7.1.32

SET SQL_MODE = "NO_AUTO_VALUE_ON_ZERO";
SET AUTOCOMMIT = 0;
START TRANSACTION;
SET time_zone = "+00:00";


/*!40101 SET @OLD_CHARACTER_SET_CLIENT=@@CHARACTER_SET_CLIENT */;
/*!40101 SET @OLD_CHARACTER_SET_RESULTS=@@CHARACTER_SET_RESULTS */;
/*!40101 SET @OLD_COLLATION_CONNECTION=@@COLLATION_CONNECTION */;
/*!40101 SET NAMES utf8mb4 */;

--
-- База даних: `tours`
--

-- --------------------------------------------------------

--
-- Структура таблиці `comments`
--

CREATE TABLE `comments` (
  `id` int(10) UNSIGNED NOT NULL,
  `text` text COLLATE utf8mb4_unicode_ci NOT NULL,
  `country` varchar(191) COLLATE utf8mb4_unicode_ci NOT NULL,
  `rating` double(8,2) NOT NULL,
  `public` tinyint(1) DEFAULT NULL,
  `created_at` timestamp NULL DEFAULT NULL,
  `updated_at` timestamp NULL DEFAULT NULL,
  `tour_id` int(10) UNSIGNED NOT NULL DEFAULT '1',
  `user_id` int(10) UNSIGNED NOT NULL DEFAULT '1'
) ENGINE=InnoDB DEFAULT CHARSET=utf8mb4 COLLATE=utf8mb4_unicode_ci;

--
-- Дамп даних таблиці `comments`
--

INSERT INTO `comments` (`id`, `text`, `country`, `rating`, `public`, `created_at`, `updated_at`, `tour_id`, `user_id`) VALUES
(1, 'Our stay was pleasant and joyful. We stayed in an apartment meant for 3 adults. First and foremost, close proximity to tube station was the reason of choosing this hotel. The cleaning services were fantastic. The support services were prompt...', 'London', 5.00, 1, NULL, NULL, 2, 1),
(2, 'Our stay was pleasant and welcoming. We stayed in an apartment meant for 3 adults with kitchen facilities. The cleaning services were superp. We liked the laundry and kitchen cleaning services on top of the regular cleaning services. The support services were prompt...much needed extra bowls were delivered in a jiffy. Front desk were very cotdial and helpful though working under at times. Needed travel arrangements and info were delivered with smiles. Delivering luggeges to the room was done witbout request.. Computer and printing service in the lobby was really helpful...tbe charge reasonable', 'London', 6.00, 1, NULL, NULL, 2, 1),
(3, 'Our stay was pleasant and joyful. We stayed in an apartment meant for 3 adults. First and foremost, close proximity to tube station was the reason of choosing this hotel. The cleaning services were fantastic. The support services were prompt...', 'London', 7.00, 1, NULL, NULL, 2, 1),
(4, 'Our stay was pleasant and welcoming. We stayed in an apartment meant for 3 adults with kitchen facilities. The cleaning services were superp. We liked the laundry and kitchen cleaning services on top of the regular cleaning services. The support services were prompt...much needed extra bowls were delivered in a jiffy. Front desk were very cotdial and helpful though working under at times. Needed travel arrangements and info were delivered with smiles. Delivering luggeges to the room was done witbout request.. Computer and printing service in the lobby was really helpful...tbe charge reasonable', 'London', 8.00, 1, NULL, NULL, 2, 1);

-- --------------------------------------------------------

--
-- Структура таблиці `comment_pluses`
--

CREATE TABLE `comment_pluses` (
  `id` int(10) UNSIGNED NOT NULL,
  `name` varchar(191) COLLATE utf8mb4_unicode_ci NOT NULL,
  `position` tinyint(1) DEFAULT NULL,
  `public` tinyint(1) DEFAULT NULL,
  `language_id` int(10) UNSIGNED NOT NULL DEFAULT '1',
  `created_at` timestamp NULL DEFAULT NULL,
  `updated_at` timestamp NULL DEFAULT NULL
) ENGINE=InnoDB DEFAULT CHARSET=utf8mb4 COLLATE=utf8mb4_unicode_ci;

--
-- Дамп даних таблиці `comment_pluses`
--

INSERT INTO `comment_pluses` (`id`, `name`, `position`, `public`, `language_id`, `created_at`, `updated_at`) VALUES
(1, 'location', 1, 1, 1, NULL, NULL),
(2, 'warmth', 1, 1, 1, NULL, NULL),
(3, 'cleanliness', 1, 1, 1, NULL, NULL),
(4, 'Noisy', 0, 1, 1, NULL, NULL),
(5, 'expensive', 0, 1, 1, NULL, NULL);

-- --------------------------------------------------------

--
-- Структура таблиці `coms_comt_pluses`
--

CREATE TABLE `coms_comt_pluses` (
  `id` int(10) UNSIGNED NOT NULL,
  `comment_id` int(10) UNSIGNED NOT NULL DEFAULT '1',
  `comment_plus_id` int(10) UNSIGNED NOT NULL DEFAULT '1',
  `created_at` timestamp NULL DEFAULT NULL,
  `updated_at` timestamp NULL DEFAULT NULL
) ENGINE=InnoDB DEFAULT CHARSET=utf8mb4 COLLATE=utf8mb4_unicode_ci;

--
-- Дамп даних таблиці `coms_comt_pluses`
--

INSERT INTO `coms_comt_pluses` (`id`, `comment_id`, `comment_plus_id`, `created_at`, `updated_at`) VALUES
(1, 4, 1, '2020-07-02 09:23:53', '2020-07-02 09:23:53'),
(2, 4, 5, '2020-07-02 09:23:53', '2020-07-02 09:23:53'),
(3, 3, 4, '2020-07-02 09:23:53', '2020-07-02 09:23:53'),
(4, 2, 5, '2020-07-02 09:23:53', '2020-07-02 09:23:53'),
(5, 2, 2, '2020-07-02 09:23:53', '2020-07-02 09:23:53'),
(6, 1, 1, '2020-07-02 09:23:53', '2020-07-02 09:23:53'),
(7, 3, 4, '2020-07-02 09:23:53', '2020-07-02 09:23:53'),
(8, 1, 3, '2020-07-02 09:23:53', '2020-07-02 09:23:53'),
(9, 2, 4, '2020-07-02 09:23:53', '2020-07-02 09:23:53'),
(10, 1, 3, '2020-07-02 09:23:53', '2020-07-02 09:23:53'),
(11, 2, 1, '2020-07-02 09:23:53', '2020-07-02 09:23:53'),
(12, 1, 2, '2020-07-02 09:23:54', '2020-07-02 09:23:54'),
(13, 1, 1, '2020-07-02 09:23:54', '2020-07-02 09:23:54'),
(14, 1, 2, '2020-07-02 09:23:54', '2020-07-02 09:23:54'),
(15, 2, 5, '2020-07-02 09:23:54', '2020-07-02 09:23:54'),
(16, 1, 4, '2020-07-02 09:23:54', '2020-07-02 09:23:54'),
(17, 4, 4, '2020-07-02 09:23:54', '2020-07-02 09:23:54'),
(18, 2, 1, '2020-07-02 09:23:54', '2020-07-02 09:23:54'),
(19, 1, 5, '2020-07-02 09:23:54', '2020-07-02 09:23:54'),
(20, 1, 3, '2020-07-02 09:23:54', '2020-07-02 09:23:54'),
(21, 1, 1, '2020-07-02 09:23:54', '2020-07-02 09:23:54'),
(22, 3, 4, '2020-07-02 09:23:54', '2020-07-02 09:23:54'),
(23, 1, 2, '2020-07-02 09:23:54', '2020-07-02 09:23:54'),
(24, 4, 3, '2020-07-02 09:23:54', '2020-07-02 09:23:54'),
(25, 3, 5, '2020-07-02 09:23:54', '2020-07-02 09:23:54'),
(26, 3, 4, '2020-07-02 09:23:54', '2020-07-02 09:23:54'),
(27, 1, 4, '2020-07-02 09:23:54', '2020-07-02 09:23:54'),
(28, 2, 5, '2020-07-02 09:23:54', '2020-07-02 09:23:54'),
(29, 1, 1, '2020-07-02 09:23:54', '2020-07-02 09:23:54'),
(30, 4, 3, '2020-07-02 09:23:54', '2020-07-02 09:23:54'),
(31, 3, 2, '2020-07-02 09:23:54', '2020-07-02 09:23:54'),
(32, 2, 2, '2020-07-02 09:23:54', '2020-07-02 09:23:54'),
(33, 4, 1, '2020-07-02 09:23:55', '2020-07-02 09:23:55'),
(34, 2, 4, '2020-07-02 09:23:55', '2020-07-02 09:23:55'),
(35, 3, 4, '2020-07-02 09:23:55', '2020-07-02 09:23:55'),
(36, 1, 4, '2020-07-02 09:23:55', '2020-07-02 09:23:55'),
(37, 1, 3, '2020-07-02 09:23:55', '2020-07-02 09:23:55'),
(38, 4, 2, '2020-07-02 09:23:55', '2020-07-02 09:23:55'),
(39, 2, 1, '2020-07-02 09:23:55', '2020-07-02 09:23:55'),
(40, 1, 5, '2020-07-02 09:23:55', '2020-07-02 09:23:55');

-- --------------------------------------------------------

--
-- Структура таблиці `countries`
--

CREATE TABLE `countries` (
  `id` int(10) UNSIGNED NOT NULL,
  `name` varchar(191) COLLATE utf8mb4_unicode_ci NOT NULL,
  `slug` varchar(191) COLLATE utf8mb4_unicode_ci NOT NULL,
  `language_id` int(10) UNSIGNED NOT NULL DEFAULT '1',
  `created_at` timestamp NULL DEFAULT NULL,
  `updated_at` timestamp NULL DEFAULT NULL
) ENGINE=InnoDB DEFAULT CHARSET=utf8mb4 COLLATE=utf8mb4_unicode_ci;

--
-- Дамп даних таблиці `countries`
--

INSERT INTO `countries` (`id`, `name`, `slug`, `language_id`, `created_at`, `updated_at`) VALUES
(1, 'Україна', 'ukraine', 1, NULL, NULL),
(2, 'Ukraine', 'ukraine', 3, NULL, NULL),
(3, 'Росія', 'russia', 1, NULL, NULL),
(4, 'Russia', 'russia', 3, NULL, NULL),
(5, 'Польща', 'poland', 1, NULL, NULL),
(6, 'Poland', 'poland', 3, NULL, NULL),
(7, 'Україна', 'ukraine', 1, NULL, NULL),
(8, 'Ukraine', 'ukraine', 3, NULL, NULL),
(9, 'Росія', 'russia', 1, NULL, NULL),
(10, 'Russia', 'russia', 3, NULL, NULL),
(11, 'Польща', 'poland', 1, NULL, NULL),
(12, 'Poland', 'poland', 3, NULL, NULL),
(13, 'Україна', 'ukraine', 1, NULL, NULL),
(14, 'Ukraine', 'ukraine', 3, NULL, NULL),
(15, 'Росія', 'russia', 1, NULL, NULL),
(16, 'Russia', 'russia', 3, NULL, NULL),
(17, 'Польща', 'poland', 1, NULL, NULL),
(18, 'Poland', 'poland', 3, NULL, NULL),
(19, 'Україна', 'ukraine', 1, NULL, NULL),
(20, 'Ukraine', 'ukraine', 3, NULL, NULL),
(21, 'Росія', 'russia', 1, NULL, NULL),
(22, 'Russia', 'russia', 3, NULL, NULL),
(23, 'Польща', 'poland', 1, NULL, NULL),
(24, 'Poland', 'poland', 3, NULL, NULL);

-- --------------------------------------------------------

--
-- Структура таблиці `currencies`
--

CREATE TABLE `currencies` (
  `id` int(10) UNSIGNED NOT NULL,
  `name` varchar(191) COLLATE utf8mb4_unicode_ci NOT NULL,
  `created_at` timestamp NULL DEFAULT NULL,
  `updated_at` timestamp NULL DEFAULT NULL
) ENGINE=InnoDB DEFAULT CHARSET=utf8mb4 COLLATE=utf8mb4_unicode_ci;

--
-- Дамп даних таблиці `currencies`
--

INSERT INTO `currencies` (`id`, `name`, `created_at`, `updated_at`) VALUES
(1, 'UAH', NULL, NULL),
(2, 'RUB', NULL, NULL),
(3, 'USD', NULL, NULL),
(4, 'EUR', NULL, NULL);

-- --------------------------------------------------------

--
-- Структура таблиці `events`
--

CREATE TABLE `events` (
  `id` int(10) UNSIGNED NOT NULL,
  `name` varchar(191) COLLATE utf8mb4_unicode_ci NOT NULL,
  `email` varchar(191) COLLATE utf8mb4_unicode_ci NOT NULL,
  `phone` varchar(191) COLLATE utf8mb4_unicode_ci NOT NULL,
  `start_date` date NOT NULL,
  `end_date` date NOT NULL,
  `tour_id` int(11) NOT NULL,
  `message` text COLLATE utf8mb4_unicode_ci,
  `public` tinyint(1) DEFAULT NULL,
  `color` varchar(191) COLLATE utf8mb4_unicode_ci DEFAULT NULL,
  `icon` varchar(191) COLLATE utf8mb4_unicode_ci DEFAULT NULL,
  `created_at` timestamp NULL DEFAULT NULL,
  `updated_at` timestamp NULL DEFAULT NULL
) ENGINE=InnoDB DEFAULT CHARSET=utf8mb4 COLLATE=utf8mb4_unicode_ci;

--
-- Дамп даних таблиці `events`
--

INSERT INTO `events` (`id`, `name`, `email`, `phone`, `start_date`, `end_date`, `tour_id`, `message`, `public`, `color`, `icon`, `created_at`, `updated_at`) VALUES
(1, 'Demo Event-1', 'test@gmail.com', '0953417774', '2019-02-11', '2019-02-12', 1, 'Message text', 1, 'red', '', '2020-07-02 09:23:52', '2020-07-02 09:23:52'),
(2, 'Demo Event-2', 'test@gmail.com', '0953417774', '2019-02-11', '2019-02-13', 1, 'Message text', 1, 'red', '', '2020-07-02 09:23:52', '2020-07-02 09:23:52'),
(3, 'Demo Event-3', 'test@gmail.com', '0953417774', '2019-02-14', '2019-02-14', 1, 'Message text', 1, 'red', '', '2020-07-02 09:23:52', '2020-07-02 09:23:52'),
(4, 'Demo Event-4', 'test@gmail.com', '0953417774', '2019-02-17', '2019-02-17', 1, 'Message text', 1, 'red', '', '2020-07-02 09:23:52', '2020-07-02 09:23:52');

-- --------------------------------------------------------

--
-- Структура таблиці `icons`
--

CREATE TABLE `icons` (
  `id` int(10) UNSIGNED NOT NULL,
  `icon` varchar(191) COLLATE utf8mb4_unicode_ci NOT NULL,
  `text` varchar(191) COLLATE utf8mb4_unicode_ci NOT NULL,
  `room` int(10) UNSIGNED NOT NULL DEFAULT '0',
  `public` tinyint(1) DEFAULT NULL,
  `language_id` int(10) UNSIGNED NOT NULL DEFAULT '1',
  `created_at` timestamp NULL DEFAULT NULL,
  `updated_at` timestamp NULL DEFAULT NULL
) ENGINE=InnoDB DEFAULT CHARSET=utf8mb4 COLLATE=utf8mb4_unicode_ci;

--
-- Дамп даних таблиці `icons`
--

INSERT INTO `icons` (`id`, `icon`, `text`, `room`, `public`, `language_id`, `created_at`, `updated_at`) VALUES
(1, 'icon-service-9.png', 'Безкоштовний Wi-Fi', 1, 1, 1, NULL, NULL),
(2, 'icon-service-9.png', 'Free Wi-Fi in all rooms', 1, 1, 3, NULL, NULL),
(3, 'icon-service-10.png', 'Місця для куріння', 0, 1, 1, NULL, NULL),
(4, 'icon-service-10.png', 'Smoking area', 0, 1, 3, NULL, NULL),
(5, 'icon-service-11.png', 'Пральня', 0, 1, 1, NULL, NULL),
(6, 'icon-service-11.png', 'Laundry service', 0, 1, 3, NULL, NULL),
(7, 'icon-service-12.png', 'Бізнес центер', 0, 1, 1, NULL, NULL),
(8, 'icon-service-12.png', 'Business center', 0, 1, 3, NULL, NULL),
(9, 'icon-service-8.png', 'Айропорт', 1, 1, 1, NULL, NULL),
(10, 'icon-service-8.png', 'Airport transfer', 1, 1, 3, NULL, NULL),
(11, 'icon-service-7.png', 'Басейн', 1, 1, 1, NULL, NULL),
(12, 'icon-service-7.png', 'Swimming pool', 1, 1, 3, NULL, NULL);

-- --------------------------------------------------------

--
-- Структура таблиці `images`
--

CREATE TABLE `images` (
  `id` int(10) UNSIGNED NOT NULL,
  `name` varchar(191) COLLATE utf8mb4_unicode_ci NOT NULL,
  `tour_id` int(10) UNSIGNED NOT NULL DEFAULT '1',
  `created_at` timestamp NULL DEFAULT NULL,
  `updated_at` timestamp NULL DEFAULT NULL
) ENGINE=InnoDB DEFAULT CHARSET=utf8mb4 COLLATE=utf8mb4_unicode_ci;

--
-- Дамп даних таблиці `images`
--

INSERT INTO `images` (`id`, `name`, `tour_id`, `created_at`, `updated_at`) VALUES
(1, 'img_4.jpg', 44, '2020-07-02 09:23:25', '2020-07-02 09:23:25'),
(2, 'img_4.jpg', 42, '2020-07-02 09:23:25', '2020-07-02 09:23:25'),
(3, 'img_5.jpg', 7, '2020-07-02 09:23:25', '2020-07-02 09:23:25'),
(4, 'img_4.jpg', 45, '2020-07-02 09:23:25', '2020-07-02 09:23:25'),
(5, 'img_5.jpg', 3, '2020-07-02 09:23:25', '2020-07-02 09:23:25'),
(6, 'img_3.jpg', 19, '2020-07-02 09:23:25', '2020-07-02 09:23:25'),
(7, 'img_2.jpg', 4, '2020-07-02 09:23:25', '2020-07-02 09:23:25'),
(8, 'img_2.jpg', 3, '2020-07-02 09:23:25', '2020-07-02 09:23:25'),
(9, 'img_3.jpg', 23, '2020-07-02 09:23:25', '2020-07-02 09:23:25'),
(10, 'img_6.jpg', 3, '2020-07-02 09:23:25', '2020-07-02 09:23:25'),
(11, 'img_3.jpg', 33, '2020-07-02 09:23:25', '2020-07-02 09:23:25'),
(12, 'img_3.jpg', 18, '2020-07-02 09:23:25', '2020-07-02 09:23:25'),
(13, 'img_6.jpg', 40, '2020-07-02 09:23:25', '2020-07-02 09:23:25'),
(14, 'img_3.jpg', 40, '2020-07-02 09:23:25', '2020-07-02 09:23:25'),
(15, 'img_1.jpg', 27, '2020-07-02 09:23:26', '2020-07-02 09:23:26'),
(16, 'img_2.jpg', 1, '2020-07-02 09:23:26', '2020-07-02 09:23:26'),
(17, 'img_1.jpg', 5, '2020-07-02 09:23:26', '2020-07-02 09:23:26'),
(18, 'img_6.jpg', 31, '2020-07-02 09:23:26', '2020-07-02 09:23:26'),
(19, 'img_6.jpg', 18, '2020-07-02 09:23:26', '2020-07-02 09:23:26'),
(20, 'img_2.jpg', 27, '2020-07-02 09:23:26', '2020-07-02 09:23:26'),
(21, 'img_5.jpg', 16, '2020-07-02 09:23:26', '2020-07-02 09:23:26'),
(22, 'img_3.jpg', 34, '2020-07-02 09:23:26', '2020-07-02 09:23:26'),
(23, 'img_5.jpg', 5, '2020-07-02 09:23:26', '2020-07-02 09:23:26'),
(24, 'img_1.jpg', 32, '2020-07-02 09:23:26', '2020-07-02 09:23:26'),
(25, 'img_5.jpg', 7, '2020-07-02 09:23:26', '2020-07-02 09:23:26'),
(26, 'img_3.jpg', 41, '2020-07-02 09:23:26', '2020-07-02 09:23:26'),
(27, 'img_1.jpg', 46, '2020-07-02 09:23:26', '2020-07-02 09:23:26'),
(28, 'img_3.jpg', 15, '2020-07-02 09:23:26', '2020-07-02 09:23:26'),
(29, 'img_6.jpg', 24, '2020-07-02 09:23:27', '2020-07-02 09:23:27'),
(30, 'img_2.jpg', 6, '2020-07-02 09:23:27', '2020-07-02 09:23:27'),
(31, 'img_2.jpg', 12, '2020-07-02 09:23:27', '2020-07-02 09:23:27'),
(32, 'img_5.jpg', 17, '2020-07-02 09:23:27', '2020-07-02 09:23:27'),
(33, 'img_2.jpg', 42, '2020-07-02 09:23:27', '2020-07-02 09:23:27'),
(34, 'img_3.jpg', 41, '2020-07-02 09:23:27', '2020-07-02 09:23:27'),
(35, 'img_6.jpg', 32, '2020-07-02 09:23:27', '2020-07-02 09:23:27'),
(36, 'img_3.jpg', 6, '2020-07-02 09:23:27', '2020-07-02 09:23:27'),
(37, 'img_2.jpg', 3, '2020-07-02 09:23:27', '2020-07-02 09:23:27'),
(38, 'img_2.jpg', 10, '2020-07-02 09:23:27', '2020-07-02 09:23:27'),
(39, 'img_1.jpg', 2, '2020-07-02 09:23:27', '2020-07-02 09:23:27'),
(40, 'img_3.jpg', 3, '2020-07-02 09:23:27', '2020-07-02 09:23:27'),
(41, 'img_5.jpg', 26, '2020-07-02 09:23:27', '2020-07-02 09:23:27'),
(42, 'img_3.jpg', 31, '2020-07-02 09:23:28', '2020-07-02 09:23:28'),
(43, 'img_6.jpg', 7, '2020-07-02 09:23:28', '2020-07-02 09:23:28'),
(44, 'img_2.jpg', 9, '2020-07-02 09:23:28', '2020-07-02 09:23:28'),
(45, 'img_5.jpg', 13, '2020-07-02 09:23:28', '2020-07-02 09:23:28'),
(46, 'img_6.jpg', 21, '2020-07-02 09:23:28', '2020-07-02 09:23:28'),
(47, 'img_3.jpg', 1, '2020-07-02 09:23:28', '2020-07-02 09:23:28'),
(48, 'img_2.jpg', 28, '2020-07-02 09:23:28', '2020-07-02 09:23:28'),
(49, 'img_5.jpg', 1, '2020-07-02 09:23:28', '2020-07-02 09:23:28'),
(50, 'img_2.jpg', 3, '2020-07-02 09:23:28', '2020-07-02 09:23:28'),
(51, 'img_2.jpg', 45, '2020-07-02 09:23:28', '2020-07-02 09:23:28'),
(52, 'img_2.jpg', 41, '2020-07-02 09:23:28', '2020-07-02 09:23:28'),
(53, 'img_5.jpg', 15, '2020-07-02 09:23:28', '2020-07-02 09:23:28'),
(54, 'img_6.jpg', 31, '2020-07-02 09:23:29', '2020-07-02 09:23:29'),
(55, 'img_5.jpg', 4, '2020-07-02 09:23:29', '2020-07-02 09:23:29'),
(56, 'img_3.jpg', 2, '2020-07-02 09:23:29', '2020-07-02 09:23:29'),
(57, 'img_3.jpg', 38, '2020-07-02 09:23:29', '2020-07-02 09:23:29'),
(58, 'img_3.jpg', 1, '2020-07-02 09:23:29', '2020-07-02 09:23:29'),
(59, 'img_6.jpg', 32, '2020-07-02 09:23:29', '2020-07-02 09:23:29'),
(60, 'img_6.jpg', 21, '2020-07-02 09:23:29', '2020-07-02 09:23:29'),
(61, 'img_2.jpg', 38, '2020-07-02 09:23:29', '2020-07-02 09:23:29'),
(62, 'img_5.jpg', 3, '2020-07-02 09:23:29', '2020-07-02 09:23:29'),
(63, 'img_6.jpg', 4, '2020-07-02 09:23:29', '2020-07-02 09:23:29'),
(64, 'img_5.jpg', 43, '2020-07-02 09:23:29', '2020-07-02 09:23:29'),
(65, 'img_4.jpg', 37, '2020-07-02 09:23:29', '2020-07-02 09:23:29'),
(66, 'img_2.jpg', 26, '2020-07-02 09:23:29', '2020-07-02 09:23:29'),
(67, 'img_3.jpg', 11, '2020-07-02 09:23:29', '2020-07-02 09:23:29'),
(68, 'img_3.jpg', 46, '2020-07-02 09:23:29', '2020-07-02 09:23:29'),
(69, 'img_1.jpg', 42, '2020-07-02 09:23:29', '2020-07-02 09:23:29'),
(70, 'img_3.jpg', 42, '2020-07-02 09:23:29', '2020-07-02 09:23:29'),
(71, 'img_3.jpg', 36, '2020-07-02 09:23:29', '2020-07-02 09:23:29'),
(72, 'img_5.jpg', 1, '2020-07-02 09:23:29', '2020-07-02 09:23:29'),
(73, 'img_6.jpg', 22, '2020-07-02 09:23:29', '2020-07-02 09:23:29'),
(74, 'img_6.jpg', 49, '2020-07-02 09:23:29', '2020-07-02 09:23:29'),
(75, 'img_6.jpg', 48, '2020-07-02 09:23:29', '2020-07-02 09:23:29'),
(76, 'img_1.jpg', 39, '2020-07-02 09:23:30', '2020-07-02 09:23:30'),
(77, 'img_1.jpg', 4, '2020-07-02 09:23:30', '2020-07-02 09:23:30'),
(78, 'img_4.jpg', 29, '2020-07-02 09:23:30', '2020-07-02 09:23:30'),
(79, 'img_5.jpg', 10, '2020-07-02 09:23:30', '2020-07-02 09:23:30'),
(80, 'img_3.jpg', 31, '2020-07-02 09:23:30', '2020-07-02 09:23:30'),
(81, 'img_4.jpg', 38, '2020-07-02 09:23:30', '2020-07-02 09:23:30'),
(82, 'img_5.jpg', 30, '2020-07-02 09:23:30', '2020-07-02 09:23:30'),
(83, 'img_6.jpg', 15, '2020-07-02 09:23:30', '2020-07-02 09:23:30'),
(84, 'img_2.jpg', 21, '2020-07-02 09:23:30', '2020-07-02 09:23:30'),
(85, 'img_5.jpg', 20, '2020-07-02 09:23:30', '2020-07-02 09:23:30'),
(86, 'img_1.jpg', 28, '2020-07-02 09:23:30', '2020-07-02 09:23:30'),
(87, 'img_4.jpg', 1, '2020-07-02 09:23:30', '2020-07-02 09:23:30'),
(88, 'img_4.jpg', 49, '2020-07-02 09:23:30', '2020-07-02 09:23:30'),
(89, 'img_4.jpg', 7, '2020-07-02 09:23:30', '2020-07-02 09:23:30'),
(90, 'img_4.jpg', 48, '2020-07-02 09:23:30', '2020-07-02 09:23:30'),
(91, 'img_1.jpg', 27, '2020-07-02 09:23:30', '2020-07-02 09:23:30'),
(92, 'img_5.jpg', 45, '2020-07-02 09:23:30', '2020-07-02 09:23:30'),
(93, 'img_1.jpg', 30, '2020-07-02 09:23:30', '2020-07-02 09:23:30'),
(94, 'img_3.jpg', 13, '2020-07-02 09:23:30', '2020-07-02 09:23:30'),
(95, 'img_4.jpg', 15, '2020-07-02 09:23:30', '2020-07-02 09:23:30'),
(96, 'img_2.jpg', 47, '2020-07-02 09:23:31', '2020-07-02 09:23:31'),
(97, 'img_3.jpg', 47, '2020-07-02 09:23:31', '2020-07-02 09:23:31'),
(98, 'img_3.jpg', 12, '2020-07-02 09:23:31', '2020-07-02 09:23:31'),
(99, 'img_6.jpg', 21, '2020-07-02 09:23:31', '2020-07-02 09:23:31'),
(100, 'img_3.jpg', 8, '2020-07-02 09:23:31', '2020-07-02 09:23:31'),
(101, 'img_5.jpg', 30, '2020-07-02 09:23:31', '2020-07-02 09:23:31'),
(102, 'img_3.jpg', 37, '2020-07-02 09:23:31', '2020-07-02 09:23:31'),
(103, 'img_3.jpg', 23, '2020-07-02 09:23:31', '2020-07-02 09:23:31'),
(104, 'img_5.jpg', 30, '2020-07-02 09:23:31', '2020-07-02 09:23:31'),
(105, 'img_4.jpg', 41, '2020-07-02 09:23:31', '2020-07-02 09:23:31'),
(106, 'img_3.jpg', 17, '2020-07-02 09:23:31', '2020-07-02 09:23:31'),
(107, 'img_5.jpg', 11, '2020-07-02 09:23:31', '2020-07-02 09:23:31'),
(108, 'img_3.jpg', 6, '2020-07-02 09:23:31', '2020-07-02 09:23:31'),
(109, 'img_5.jpg', 7, '2020-07-02 09:23:31', '2020-07-02 09:23:31'),
(110, 'img_4.jpg', 40, '2020-07-02 09:23:31', '2020-07-02 09:23:31'),
(111, 'img_6.jpg', 28, '2020-07-02 09:23:31', '2020-07-02 09:23:31'),
(112, 'img_5.jpg', 2, '2020-07-02 09:23:31', '2020-07-02 09:23:31'),
(113, 'img_3.jpg', 7, '2020-07-02 09:23:31', '2020-07-02 09:23:31'),
(114, 'img_4.jpg', 22, '2020-07-02 09:23:31', '2020-07-02 09:23:31'),
(115, 'img_5.jpg', 26, '2020-07-02 09:23:31', '2020-07-02 09:23:31'),
(116, 'img_4.jpg', 27, '2020-07-02 09:23:31', '2020-07-02 09:23:31'),
(117, 'img_5.jpg', 4, '2020-07-02 09:23:32', '2020-07-02 09:23:32'),
(118, 'img_5.jpg', 43, '2020-07-02 09:23:32', '2020-07-02 09:23:32'),
(119, 'img_3.jpg', 41, '2020-07-02 09:23:32', '2020-07-02 09:23:32'),
(120, 'img_2.jpg', 4, '2020-07-02 09:23:32', '2020-07-02 09:23:32'),
(121, 'img_2.jpg', 15, '2020-07-02 09:23:32', '2020-07-02 09:23:32'),
(122, 'img_1.jpg', 12, '2020-07-02 09:23:32', '2020-07-02 09:23:32'),
(123, 'img_3.jpg', 12, '2020-07-02 09:23:32', '2020-07-02 09:23:32'),
(124, 'img_2.jpg', 12, '2020-07-02 09:23:32', '2020-07-02 09:23:32'),
(125, 'img_5.jpg', 33, '2020-07-02 09:23:32', '2020-07-02 09:23:32'),
(126, 'img_2.jpg', 23, '2020-07-02 09:23:32', '2020-07-02 09:23:32'),
(127, 'img_5.jpg', 19, '2020-07-02 09:23:32', '2020-07-02 09:23:32'),
(128, 'img_1.jpg', 28, '2020-07-02 09:23:32', '2020-07-02 09:23:32'),
(129, 'img_4.jpg', 4, '2020-07-02 09:23:32', '2020-07-02 09:23:32'),
(130, 'img_1.jpg', 10, '2020-07-02 09:23:32', '2020-07-02 09:23:32'),
(131, 'img_3.jpg', 4, '2020-07-02 09:23:32', '2020-07-02 09:23:32'),
(132, 'img_4.jpg', 21, '2020-07-02 09:23:32', '2020-07-02 09:23:32'),
(133, 'img_3.jpg', 4, '2020-07-02 09:23:32', '2020-07-02 09:23:32'),
(134, 'img_1.jpg', 36, '2020-07-02 09:23:32', '2020-07-02 09:23:32'),
(135, 'img_5.jpg', 6, '2020-07-02 09:23:32', '2020-07-02 09:23:32'),
(136, 'img_4.jpg', 43, '2020-07-02 09:23:32', '2020-07-02 09:23:32'),
(137, 'img_5.jpg', 42, '2020-07-02 09:23:33', '2020-07-02 09:23:33'),
(138, 'img_2.jpg', 49, '2020-07-02 09:23:33', '2020-07-02 09:23:33'),
(139, 'img_6.jpg', 30, '2020-07-02 09:23:33', '2020-07-02 09:23:33'),
(140, 'img_5.jpg', 1, '2020-07-02 09:23:33', '2020-07-02 09:23:33'),
(141, 'img_5.jpg', 48, '2020-07-02 09:23:33', '2020-07-02 09:23:33'),
(142, 'img_1.jpg', 29, '2020-07-02 09:23:33', '2020-07-02 09:23:33'),
(143, 'img_3.jpg', 32, '2020-07-02 09:23:33', '2020-07-02 09:23:33'),
(144, 'img_1.jpg', 25, '2020-07-02 09:23:33', '2020-07-02 09:23:33'),
(145, 'img_3.jpg', 24, '2020-07-02 09:23:33', '2020-07-02 09:23:33'),
(146, 'img_4.jpg', 10, '2020-07-02 09:23:33', '2020-07-02 09:23:33'),
(147, 'img_1.jpg', 33, '2020-07-02 09:23:33', '2020-07-02 09:23:33'),
(148, 'img_6.jpg', 8, '2020-07-02 09:23:33', '2020-07-02 09:23:33'),
(149, 'img_1.jpg', 25, '2020-07-02 09:23:33', '2020-07-02 09:23:33'),
(150, 'img_2.jpg', 11, '2020-07-02 09:23:33', '2020-07-02 09:23:33'),
(151, 'img_6.jpg', 14, '2020-07-02 09:23:33', '2020-07-02 09:23:33'),
(152, 'img_2.jpg', 36, '2020-07-02 09:23:33', '2020-07-02 09:23:33'),
(153, 'img_1.jpg', 46, '2020-07-02 09:23:33', '2020-07-02 09:23:33'),
(154, 'img_1.jpg', 44, '2020-07-02 09:23:33', '2020-07-02 09:23:33'),
(155, 'img_2.jpg', 20, '2020-07-02 09:23:33', '2020-07-02 09:23:33'),
(156, 'img_4.jpg', 48, '2020-07-02 09:23:33', '2020-07-02 09:23:33'),
(157, 'img_4.jpg', 24, '2020-07-02 09:23:33', '2020-07-02 09:23:33'),
(158, 'img_5.jpg', 18, '2020-07-02 09:23:34', '2020-07-02 09:23:34'),
(159, 'img_6.jpg', 39, '2020-07-02 09:23:34', '2020-07-02 09:23:34'),
(160, 'img_6.jpg', 26, '2020-07-02 09:23:34', '2020-07-02 09:23:34'),
(161, 'img_3.jpg', 22, '2020-07-02 09:23:34', '2020-07-02 09:23:34'),
(162, 'img_5.jpg', 39, '2020-07-02 09:23:34', '2020-07-02 09:23:34'),
(163, 'img_6.jpg', 19, '2020-07-02 09:23:34', '2020-07-02 09:23:34'),
(164, 'img_2.jpg', 25, '2020-07-02 09:23:34', '2020-07-02 09:23:34'),
(165, 'img_4.jpg', 30, '2020-07-02 09:23:34', '2020-07-02 09:23:34'),
(166, 'img_5.jpg', 18, '2020-07-02 09:23:34', '2020-07-02 09:23:34'),
(167, 'img_4.jpg', 39, '2020-07-02 09:23:34', '2020-07-02 09:23:34'),
(168, 'img_1.jpg', 8, '2020-07-02 09:23:34', '2020-07-02 09:23:34'),
(169, 'img_2.jpg', 1, '2020-07-02 09:23:34', '2020-07-02 09:23:34'),
(170, 'img_4.jpg', 42, '2020-07-02 09:23:34', '2020-07-02 09:23:34'),
(171, 'img_2.jpg', 9, '2020-07-02 09:23:34', '2020-07-02 09:23:34'),
(172, 'img_6.jpg', 39, '2020-07-02 09:23:34', '2020-07-02 09:23:34'),
(173, 'img_6.jpg', 35, '2020-07-02 09:23:34', '2020-07-02 09:23:34'),
(174, 'img_1.jpg', 23, '2020-07-02 09:23:34', '2020-07-02 09:23:34'),
(175, 'img_3.jpg', 30, '2020-07-02 09:23:34', '2020-07-02 09:23:34'),
(176, 'img_3.jpg', 8, '2020-07-02 09:23:34', '2020-07-02 09:23:34'),
(177, 'img_1.jpg', 9, '2020-07-02 09:23:34', '2020-07-02 09:23:34'),
(178, 'img_6.jpg', 8, '2020-07-02 09:23:35', '2020-07-02 09:23:35'),
(179, 'img_6.jpg', 5, '2020-07-02 09:23:35', '2020-07-02 09:23:35'),
(180, 'img_5.jpg', 4, '2020-07-02 09:23:35', '2020-07-02 09:23:35'),
(181, 'img_3.jpg', 2, '2020-07-02 09:23:35', '2020-07-02 09:23:35'),
(182, 'img_5.jpg', 5, '2020-07-02 09:23:35', '2020-07-02 09:23:35'),
(183, 'img_3.jpg', 35, '2020-07-02 09:23:35', '2020-07-02 09:23:35'),
(184, 'img_1.jpg', 43, '2020-07-02 09:23:35', '2020-07-02 09:23:35'),
(185, 'img_4.jpg', 49, '2020-07-02 09:23:35', '2020-07-02 09:23:35'),
(186, 'img_4.jpg', 8, '2020-07-02 09:23:35', '2020-07-02 09:23:35'),
(187, 'img_2.jpg', 39, '2020-07-02 09:23:35', '2020-07-02 09:23:35'),
(188, 'img_5.jpg', 42, '2020-07-02 09:23:35', '2020-07-02 09:23:35'),
(189, 'img_4.jpg', 15, '2020-07-02 09:23:35', '2020-07-02 09:23:35'),
(190, 'img_4.jpg', 45, '2020-07-02 09:23:35', '2020-07-02 09:23:35'),
(191, 'img_5.jpg', 31, '2020-07-02 09:23:35', '2020-07-02 09:23:35'),
(192, 'img_4.jpg', 41, '2020-07-02 09:23:36', '2020-07-02 09:23:36'),
(193, 'img_2.jpg', 9, '2020-07-02 09:23:36', '2020-07-02 09:23:36'),
(194, 'img_3.jpg', 35, '2020-07-02 09:23:36', '2020-07-02 09:23:36'),
(195, 'img_4.jpg', 19, '2020-07-02 09:23:36', '2020-07-02 09:23:36'),
(196, 'img_3.jpg', 4, '2020-07-02 09:23:36', '2020-07-02 09:23:36'),
(197, 'img_3.jpg', 19, '2020-07-02 09:23:36', '2020-07-02 09:23:36'),
(198, 'img_4.jpg', 45, '2020-07-02 09:23:36', '2020-07-02 09:23:36'),
(199, 'img_5.jpg', 28, '2020-07-02 09:23:36', '2020-07-02 09:23:36'),
(200, 'img_2.jpg', 6, '2020-07-02 09:23:36', '2020-07-02 09:23:36'),
(201, 'img_6.jpg', 18, '2020-07-02 09:23:36', '2020-07-02 09:23:36'),
(202, 'img_6.jpg', 36, '2020-07-02 09:23:36', '2020-07-02 09:23:36'),
(203, 'img_4.jpg', 34, '2020-07-02 09:23:36', '2020-07-02 09:23:36'),
(204, 'img_4.jpg', 30, '2020-07-02 09:23:36', '2020-07-02 09:23:36'),
(205, 'img_4.jpg', 14, '2020-07-02 09:23:36', '2020-07-02 09:23:36'),
(206, 'img_6.jpg', 44, '2020-07-02 09:23:37', '2020-07-02 09:23:37'),
(207, 'img_6.jpg', 26, '2020-07-02 09:23:37', '2020-07-02 09:23:37'),
(208, 'img_2.jpg', 15, '2020-07-02 09:23:37', '2020-07-02 09:23:37'),
(209, 'img_1.jpg', 43, '2020-07-02 09:23:37', '2020-07-02 09:23:37'),
(210, 'img_1.jpg', 32, '2020-07-02 09:23:37', '2020-07-02 09:23:37'),
(211, 'img_2.jpg', 40, '2020-07-02 09:23:37', '2020-07-02 09:23:37'),
(212, 'img_2.jpg', 15, '2020-07-02 09:23:37', '2020-07-02 09:23:37'),
(213, 'img_6.jpg', 13, '2020-07-02 09:23:37', '2020-07-02 09:23:37'),
(214, 'img_1.jpg', 26, '2020-07-02 09:23:37', '2020-07-02 09:23:37'),
(215, 'img_5.jpg', 46, '2020-07-02 09:23:37', '2020-07-02 09:23:37'),
(216, 'img_1.jpg', 44, '2020-07-02 09:23:37', '2020-07-02 09:23:37'),
(217, 'img_3.jpg', 44, '2020-07-02 09:23:37', '2020-07-02 09:23:37'),
(218, 'img_4.jpg', 37, '2020-07-02 09:23:37', '2020-07-02 09:23:37'),
(219, 'img_4.jpg', 43, '2020-07-02 09:23:37', '2020-07-02 09:23:37'),
(220, 'img_2.jpg', 3, '2020-07-02 09:23:37', '2020-07-02 09:23:37'),
(221, 'img_3.jpg', 39, '2020-07-02 09:23:38', '2020-07-02 09:23:38'),
(222, 'img_6.jpg', 16, '2020-07-02 09:23:38', '2020-07-02 09:23:38'),
(223, 'img_4.jpg', 1, '2020-07-02 09:23:38', '2020-07-02 09:23:38'),
(224, 'img_3.jpg', 35, '2020-07-02 09:23:38', '2020-07-02 09:23:38'),
(225, 'img_6.jpg', 14, '2020-07-02 09:23:38', '2020-07-02 09:23:38'),
(226, 'img_5.jpg', 11, '2020-07-02 09:23:38', '2020-07-02 09:23:38'),
(227, 'img_2.jpg', 22, '2020-07-02 09:23:38', '2020-07-02 09:23:38'),
(228, 'img_1.jpg', 17, '2020-07-02 09:23:38', '2020-07-02 09:23:38'),
(229, 'img_1.jpg', 37, '2020-07-02 09:23:38', '2020-07-02 09:23:38'),
(230, 'img_2.jpg', 41, '2020-07-02 09:23:38', '2020-07-02 09:23:38'),
(231, 'img_4.jpg', 48, '2020-07-02 09:23:38', '2020-07-02 09:23:38'),
(232, 'img_6.jpg', 41, '2020-07-02 09:23:38', '2020-07-02 09:23:38'),
(233, 'img_4.jpg', 22, '2020-07-02 09:23:38', '2020-07-02 09:23:38'),
(234, 'img_2.jpg', 42, '2020-07-02 09:23:38', '2020-07-02 09:23:38'),
(235, 'img_1.jpg', 22, '2020-07-02 09:23:39', '2020-07-02 09:23:39'),
(236, 'img_1.jpg', 18, '2020-07-02 09:23:39', '2020-07-02 09:23:39'),
(237, 'img_6.jpg', 2, '2020-07-02 09:23:39', '2020-07-02 09:23:39'),
(238, 'img_3.jpg', 25, '2020-07-02 09:23:39', '2020-07-02 09:23:39'),
(239, 'img_2.jpg', 24, '2020-07-02 09:23:39', '2020-07-02 09:23:39'),
(240, 'img_1.jpg', 8, '2020-07-02 09:23:39', '2020-07-02 09:23:39'),
(241, 'img_3.jpg', 28, '2020-07-02 09:23:39', '2020-07-02 09:23:39'),
(242, 'img_6.jpg', 43, '2020-07-02 09:23:39', '2020-07-02 09:23:39'),
(243, 'img_5.jpg', 5, '2020-07-02 09:23:39', '2020-07-02 09:23:39'),
(244, 'img_1.jpg', 28, '2020-07-02 09:23:39', '2020-07-02 09:23:39'),
(245, 'img_2.jpg', 21, '2020-07-02 09:23:39', '2020-07-02 09:23:39'),
(246, 'img_6.jpg', 2, '2020-07-02 09:23:39', '2020-07-02 09:23:39'),
(247, 'img_5.jpg', 29, '2020-07-02 09:23:39', '2020-07-02 09:23:39'),
(248, 'img_1.jpg', 43, '2020-07-02 09:23:40', '2020-07-02 09:23:40'),
(249, 'img_1.jpg', 28, '2020-07-02 09:23:40', '2020-07-02 09:23:40'),
(250, 'img_5.jpg', 13, '2020-07-02 09:23:40', '2020-07-02 09:23:40'),
(251, 'img_4.jpg', 8, '2020-07-02 09:23:40', '2020-07-02 09:23:40'),
(252, 'img_4.jpg', 15, '2020-07-02 09:23:40', '2020-07-02 09:23:40'),
(253, 'img_3.jpg', 26, '2020-07-02 09:23:40', '2020-07-02 09:23:40'),
(254, 'img_4.jpg', 14, '2020-07-02 09:23:40', '2020-07-02 09:23:40'),
(255, 'img_2.jpg', 13, '2020-07-02 09:23:40', '2020-07-02 09:23:40'),
(256, 'img_4.jpg', 17, '2020-07-02 09:23:40', '2020-07-02 09:23:40'),
(257, 'img_4.jpg', 7, '2020-07-02 09:23:40', '2020-07-02 09:23:40'),
(258, 'img_2.jpg', 35, '2020-07-02 09:23:40', '2020-07-02 09:23:40'),
(259, 'img_6.jpg', 4, '2020-07-02 09:23:40', '2020-07-02 09:23:40'),
(260, 'img_5.jpg', 15, '2020-07-02 09:23:40', '2020-07-02 09:23:40'),
(261, 'img_5.jpg', 10, '2020-07-02 09:23:41', '2020-07-02 09:23:41'),
(262, 'img_2.jpg', 23, '2020-07-02 09:23:41', '2020-07-02 09:23:41'),
(263, 'img_3.jpg', 8, '2020-07-02 09:23:41', '2020-07-02 09:23:41'),
(264, 'img_6.jpg', 18, '2020-07-02 09:23:41', '2020-07-02 09:23:41'),
(265, 'img_2.jpg', 30, '2020-07-02 09:23:41', '2020-07-02 09:23:41'),
(266, 'img_3.jpg', 16, '2020-07-02 09:23:41', '2020-07-02 09:23:41'),
(267, 'img_3.jpg', 18, '2020-07-02 09:23:41', '2020-07-02 09:23:41'),
(268, 'img_6.jpg', 1, '2020-07-02 09:23:41', '2020-07-02 09:23:41'),
(269, 'img_4.jpg', 10, '2020-07-02 09:23:41', '2020-07-02 09:23:41'),
(270, 'img_5.jpg', 18, '2020-07-02 09:23:41', '2020-07-02 09:23:41'),
(271, 'img_2.jpg', 27, '2020-07-02 09:23:41', '2020-07-02 09:23:41'),
(272, 'img_2.jpg', 4, '2020-07-02 09:23:41', '2020-07-02 09:23:41'),
(273, 'img_6.jpg', 18, '2020-07-02 09:23:41', '2020-07-02 09:23:41'),
(274, 'img_5.jpg', 17, '2020-07-02 09:23:42', '2020-07-02 09:23:42'),
(275, 'img_3.jpg', 39, '2020-07-02 09:23:42', '2020-07-02 09:23:42'),
(276, 'img_5.jpg', 28, '2020-07-02 09:23:42', '2020-07-02 09:23:42'),
(277, 'img_3.jpg', 25, '2020-07-02 09:23:42', '2020-07-02 09:23:42'),
(278, 'img_6.jpg', 16, '2020-07-02 09:23:42', '2020-07-02 09:23:42'),
(279, 'img_2.jpg', 9, '2020-07-02 09:23:42', '2020-07-02 09:23:42'),
(280, 'img_6.jpg', 34, '2020-07-02 09:23:42', '2020-07-02 09:23:42'),
(281, 'img_1.jpg', 8, '2020-07-02 09:23:42', '2020-07-02 09:23:42'),
(282, 'img_3.jpg', 1, '2020-07-02 09:23:42', '2020-07-02 09:23:42'),
(283, 'img_2.jpg', 15, '2020-07-02 09:23:42', '2020-07-02 09:23:42'),
(284, 'img_2.jpg', 43, '2020-07-02 09:23:43', '2020-07-02 09:23:43'),
(285, 'img_3.jpg', 32, '2020-07-02 09:23:43', '2020-07-02 09:23:43'),
(286, 'img_5.jpg', 34, '2020-07-02 09:23:43', '2020-07-02 09:23:43'),
(287, 'img_5.jpg', 16, '2020-07-02 09:23:43', '2020-07-02 09:23:43'),
(288, 'img_1.jpg', 10, '2020-07-02 09:23:43', '2020-07-02 09:23:43'),
(289, 'img_4.jpg', 14, '2020-07-02 09:23:43', '2020-07-02 09:23:43'),
(290, 'img_2.jpg', 17, '2020-07-02 09:23:43', '2020-07-02 09:23:43'),
(291, 'img_4.jpg', 35, '2020-07-02 09:23:43', '2020-07-02 09:23:43'),
(292, 'img_3.jpg', 17, '2020-07-02 09:23:43', '2020-07-02 09:23:43'),
(293, 'img_3.jpg', 18, '2020-07-02 09:23:43', '2020-07-02 09:23:43'),
(294, 'img_5.jpg', 19, '2020-07-02 09:23:44', '2020-07-02 09:23:44'),
(295, 'img_6.jpg', 11, '2020-07-02 09:23:44', '2020-07-02 09:23:44'),
(296, 'img_2.jpg', 1, '2020-07-02 09:23:44', '2020-07-02 09:23:44'),
(297, 'img_2.jpg', 34, '2020-07-02 09:23:44', '2020-07-02 09:23:44'),
(298, 'img_4.jpg', 31, '2020-07-02 09:23:44', '2020-07-02 09:23:44'),
(299, 'img_2.jpg', 40, '2020-07-02 09:23:44', '2020-07-02 09:23:44'),
(300, 'img_5.jpg', 9, '2020-07-02 09:23:44', '2020-07-02 09:23:44'),
(301, 'img_3.jpg', 37, '2020-07-02 09:23:44', '2020-07-02 09:23:44'),
(302, 'img_5.jpg', 35, '2020-07-02 09:23:45', '2020-07-02 09:23:45'),
(303, 'img_4.jpg', 21, '2020-07-02 09:23:45', '2020-07-02 09:23:45'),
(304, 'img_5.jpg', 10, '2020-07-02 09:23:45', '2020-07-02 09:23:45'),
(305, 'img_5.jpg', 16, '2020-07-02 09:23:45', '2020-07-02 09:23:45'),
(306, 'img_5.jpg', 46, '2020-07-02 09:23:45', '2020-07-02 09:23:45'),
(307, 'img_3.jpg', 36, '2020-07-02 09:23:45', '2020-07-02 09:23:45'),
(308, 'img_2.jpg', 20, '2020-07-02 09:23:45', '2020-07-02 09:23:45'),
(309, 'img_2.jpg', 16, '2020-07-02 09:23:45', '2020-07-02 09:23:45'),
(310, 'img_4.jpg', 30, '2020-07-02 09:23:45', '2020-07-02 09:23:45'),
(311, 'img_5.jpg', 25, '2020-07-02 09:23:45', '2020-07-02 09:23:45'),
(312, 'img_4.jpg', 39, '2020-07-02 09:23:45', '2020-07-02 09:23:45'),
(313, 'img_3.jpg', 12, '2020-07-02 09:23:45', '2020-07-02 09:23:45'),
(314, 'img_6.jpg', 35, '2020-07-02 09:23:45', '2020-07-02 09:23:45'),
(315, 'img_6.jpg', 18, '2020-07-02 09:23:45', '2020-07-02 09:23:45'),
(316, 'img_6.jpg', 41, '2020-07-02 09:23:46', '2020-07-02 09:23:46'),
(317, 'img_1.jpg', 7, '2020-07-02 09:23:46', '2020-07-02 09:23:46'),
(318, 'img_5.jpg', 1, '2020-07-02 09:23:46', '2020-07-02 09:23:46'),
(319, 'img_1.jpg', 49, '2020-07-02 09:23:46', '2020-07-02 09:23:46'),
(320, 'img_2.jpg', 47, '2020-07-02 09:23:46', '2020-07-02 09:23:46'),
(321, 'img_5.jpg', 22, '2020-07-02 09:23:46', '2020-07-02 09:23:46'),
(322, 'img_4.jpg', 6, '2020-07-02 09:23:46', '2020-07-02 09:23:46'),
(323, 'img_6.jpg', 34, '2020-07-02 09:23:46', '2020-07-02 09:23:46'),
(324, 'img_4.jpg', 15, '2020-07-02 09:23:46', '2020-07-02 09:23:46'),
(325, 'img_6.jpg', 43, '2020-07-02 09:23:46', '2020-07-02 09:23:46'),
(326, 'img_1.jpg', 23, '2020-07-02 09:23:46', '2020-07-02 09:23:46'),
(327, 'img_3.jpg', 11, '2020-07-02 09:23:46', '2020-07-02 09:23:46'),
(328, 'img_2.jpg', 25, '2020-07-02 09:23:46', '2020-07-02 09:23:46'),
(329, 'img_4.jpg', 46, '2020-07-02 09:23:46', '2020-07-02 09:23:46'),
(330, 'img_3.jpg', 1, '2020-07-02 09:23:47', '2020-07-02 09:23:47'),
(331, 'img_1.jpg', 36, '2020-07-02 09:23:47', '2020-07-02 09:23:47'),
(332, 'img_5.jpg', 4, '2020-07-02 09:23:47', '2020-07-02 09:23:47'),
(333, 'img_4.jpg', 35, '2020-07-02 09:23:47', '2020-07-02 09:23:47'),
(334, 'img_6.jpg', 22, '2020-07-02 09:23:47', '2020-07-02 09:23:47'),
(335, 'img_4.jpg', 42, '2020-07-02 09:23:47', '2020-07-02 09:23:47'),
(336, 'img_4.jpg', 21, '2020-07-02 09:23:47', '2020-07-02 09:23:47'),
(337, 'img_3.jpg', 36, '2020-07-02 09:23:47', '2020-07-02 09:23:47'),
(338, 'img_2.jpg', 16, '2020-07-02 09:23:47', '2020-07-02 09:23:47'),
(339, 'img_6.jpg', 13, '2020-07-02 09:23:47', '2020-07-02 09:23:47'),
(340, 'img_1.jpg', 23, '2020-07-02 09:23:47', '2020-07-02 09:23:47'),
(341, 'img_1.jpg', 11, '2020-07-02 09:23:47', '2020-07-02 09:23:47'),
(342, 'img_1.jpg', 27, '2020-07-02 09:23:48', '2020-07-02 09:23:48'),
(343, 'img_4.jpg', 14, '2020-07-02 09:23:48', '2020-07-02 09:23:48'),
(344, 'img_2.jpg', 24, '2020-07-02 09:23:48', '2020-07-02 09:23:48'),
(345, 'img_6.jpg', 42, '2020-07-02 09:23:48', '2020-07-02 09:23:48'),
(346, 'img_4.jpg', 20, '2020-07-02 09:23:48', '2020-07-02 09:23:48'),
(347, 'img_6.jpg', 3, '2020-07-02 09:23:48', '2020-07-02 09:23:48'),
(348, 'img_3.jpg', 48, '2020-07-02 09:23:48', '2020-07-02 09:23:48'),
(349, 'img_3.jpg', 34, '2020-07-02 09:23:48', '2020-07-02 09:23:48'),
(350, 'img_4.jpg', 3, '2020-07-02 09:23:48', '2020-07-02 09:23:48'),
(351, 'img_1.jpg', 39, '2020-07-02 09:23:48', '2020-07-02 09:23:48'),
(352, 'img_2.jpg', 15, '2020-07-02 09:23:48', '2020-07-02 09:23:48'),
(353, 'img_6.jpg', 42, '2020-07-02 09:23:48', '2020-07-02 09:23:48'),
(354, 'img_2.jpg', 3, '2020-07-02 09:23:48', '2020-07-02 09:23:48'),
(355, 'img_6.jpg', 46, '2020-07-02 09:23:49', '2020-07-02 09:23:49'),
(356, 'img_4.jpg', 25, '2020-07-02 09:23:49', '2020-07-02 09:23:49'),
(357, 'img_2.jpg', 2, '2020-07-02 09:23:49', '2020-07-02 09:23:49'),
(358, 'img_3.jpg', 21, '2020-07-02 09:23:49', '2020-07-02 09:23:49'),
(359, 'img_6.jpg', 32, '2020-07-02 09:23:49', '2020-07-02 09:23:49'),
(360, 'img_3.jpg', 45, '2020-07-02 09:23:49', '2020-07-02 09:23:49'),
(361, 'img_5.jpg', 32, '2020-07-02 09:23:49', '2020-07-02 09:23:49'),
(362, 'img_5.jpg', 17, '2020-07-02 09:23:49', '2020-07-02 09:23:49'),
(363, 'img_2.jpg', 22, '2020-07-02 09:23:49', '2020-07-02 09:23:49'),
(364, 'img_6.jpg', 23, '2020-07-02 09:23:49', '2020-07-02 09:23:49'),
(365, 'img_5.jpg', 46, '2020-07-02 09:23:49', '2020-07-02 09:23:49'),
(366, 'img_3.jpg', 21, '2020-07-02 09:23:49', '2020-07-02 09:23:49'),
(367, 'img_4.jpg', 10, '2020-07-02 09:23:50', '2020-07-02 09:23:50'),
(368, 'img_6.jpg', 21, '2020-07-02 09:23:50', '2020-07-02 09:23:50'),
(369, 'img_1.jpg', 20, '2020-07-02 09:23:50', '2020-07-02 09:23:50'),
(370, 'img_5.jpg', 38, '2020-07-02 09:23:50', '2020-07-02 09:23:50'),
(371, 'img_2.jpg', 37, '2020-07-02 09:23:50', '2020-07-02 09:23:50'),
(372, 'img_4.jpg', 43, '2020-07-02 09:23:50', '2020-07-02 09:23:50'),
(373, 'img_4.jpg', 25, '2020-07-02 09:23:50', '2020-07-02 09:23:50'),
(374, 'img_6.jpg', 24, '2020-07-02 09:23:50', '2020-07-02 09:23:50'),
(375, 'img_2.jpg', 49, '2020-07-02 09:23:50', '2020-07-02 09:23:50'),
(376, 'img_5.jpg', 48, '2020-07-02 09:23:50', '2020-07-02 09:23:50'),
(377, 'img_4.jpg', 34, '2020-07-02 09:23:50', '2020-07-02 09:23:50'),
(378, 'img_4.jpg', 13, '2020-07-02 09:23:50', '2020-07-02 09:23:50'),
(379, 'img_5.jpg', 26, '2020-07-02 09:23:50', '2020-07-02 09:23:50'),
(380, 'img_6.jpg', 15, '2020-07-02 09:23:50', '2020-07-02 09:23:50'),
(381, 'img_4.jpg', 6, '2020-07-02 09:23:50', '2020-07-02 09:23:50'),
(382, 'img_4.jpg', 23, '2020-07-02 09:23:51', '2020-07-02 09:23:51'),
(383, 'img_3.jpg', 18, '2020-07-02 09:23:51', '2020-07-02 09:23:51'),
(384, 'img_6.jpg', 16, '2020-07-02 09:23:51', '2020-07-02 09:23:51'),
(385, 'img_1.jpg', 19, '2020-07-02 09:23:51', '2020-07-02 09:23:51'),
(386, 'img_2.jpg', 8, '2020-07-02 09:23:51', '2020-07-02 09:23:51'),
(387, 'img_4.jpg', 35, '2020-07-02 09:23:51', '2020-07-02 09:23:51'),
(388, 'img_5.jpg', 36, '2020-07-02 09:23:51', '2020-07-02 09:23:51'),
(389, 'img_3.jpg', 40, '2020-07-02 09:23:51', '2020-07-02 09:23:51'),
(390, 'img_1.jpg', 47, '2020-07-02 09:23:51', '2020-07-02 09:23:51'),
(391, 'img_1.jpg', 13, '2020-07-02 09:23:51', '2020-07-02 09:23:51'),
(392, 'img_3.jpg', 21, '2020-07-02 09:23:51', '2020-07-02 09:23:51'),
(393, 'img_6.jpg', 28, '2020-07-02 09:23:51', '2020-07-02 09:23:51'),
(394, 'img_4.jpg', 12, '2020-07-02 09:23:51', '2020-07-02 09:23:51'),
(395, 'img_3.jpg', 13, '2020-07-02 09:23:52', '2020-07-02 09:23:52'),
(396, 'img_4.jpg', 20, '2020-07-02 09:23:52', '2020-07-02 09:23:52'),
(397, 'img_5.jpg', 16, '2020-07-02 09:23:52', '2020-07-02 09:23:52'),
(398, 'img_2.jpg', 41, '2020-07-02 09:23:52', '2020-07-02 09:23:52'),
(399, 'img_5.jpg', 38, '2020-07-02 09:23:52', '2020-07-02 09:23:52'),
(400, 'img_3.jpg', 7, '2020-07-02 09:23:52', '2020-07-02 09:23:52');

-- --------------------------------------------------------

--
-- Структура таблиці `jobs`
--

CREATE TABLE `jobs` (
  `id` bigint(20) UNSIGNED NOT NULL,
  `queue` varchar(191) COLLATE utf8mb4_unicode_ci NOT NULL,
  `payload` longtext COLLATE utf8mb4_unicode_ci NOT NULL,
  `attempts` tinyint(3) UNSIGNED NOT NULL,
  `reserved_at` int(10) UNSIGNED DEFAULT NULL,
  `available_at` int(10) UNSIGNED NOT NULL,
  `created_at` int(10) UNSIGNED NOT NULL
) ENGINE=InnoDB DEFAULT CHARSET=utf8mb4 COLLATE=utf8mb4_unicode_ci;

-- --------------------------------------------------------

--
-- Структура таблиці `languages`
--

CREATE TABLE `languages` (
  `id` int(10) UNSIGNED NOT NULL,
  `name` varchar(191) COLLATE utf8mb4_unicode_ci NOT NULL,
  `locale` varchar(191) COLLATE utf8mb4_unicode_ci NOT NULL,
  `created_at` timestamp NULL DEFAULT NULL,
  `updated_at` timestamp NULL DEFAULT NULL
) ENGINE=InnoDB DEFAULT CHARSET=utf8mb4 COLLATE=utf8mb4_unicode_ci;

--
-- Дамп даних таблиці `languages`
--

INSERT INTO `languages` (`id`, `name`, `locale`, `created_at`, `updated_at`) VALUES
(1, 'Українська', 'ua', NULL, NULL),
(2, 'Російська', 'ru', NULL, NULL),
(3, 'Englich', 'en', NULL, NULL);

-- --------------------------------------------------------

--
-- Структура таблиці `migrations`
--

CREATE TABLE `migrations` (
  `id` int(10) UNSIGNED NOT NULL,
  `migration` varchar(191) COLLATE utf8mb4_unicode_ci NOT NULL,
  `batch` int(11) NOT NULL
) ENGINE=InnoDB DEFAULT CHARSET=utf8mb4 COLLATE=utf8mb4_unicode_ci;

--
-- Дамп даних таблиці `migrations`
--

INSERT INTO `migrations` (`id`, `migration`, `batch`) VALUES
(222, '2018_12_08_205958_create_categories_table', 1),
(228, '2018_12_08_213238_create_countries_table', 1),
(229, '2018_12_09_122115_change_categories_table', 1),
(238, '2018_12_29_170027_change2_categories_table', 1),
(303, '2014_10_12_000000_create_users_table', 2),
(304, '2014_10_12_100000_create_password_resets_table', 2),
(305, '2018_12_08_205608_create_tours_table', 2),
(306, '2018_12_08_205848_create_regions_table', 2),
(307, '2018_12_08_210303_create_roles_table', 2),
(308, '2018_12_08_210341_create_permissions_table', 2),
(309, '2018_12_08_210537_create_permission_roles_table', 2),
(310, '2018_12_08_210609_create_roles_users_table', 2),
(311, '2018_12_08_210649_create_languages_table', 2),
(312, '2018_12_09_132442_change2_regions_table', 2),
(313, '2018_12_09_221602_change2_tours_table', 2),
(314, '2018_12_23_123401_create_plus_table', 2),
(315, '2018_12_24_113303_create_icons_table', 2),
(316, '2018_12_24_114713_create_tour_icons_table', 2),
(317, '2018_12_24_135829_create_services_table', 2),
(318, '2018_12_24_140700_create_tour_services_table', 2),
(319, '2018_12_29_165354_create_species_table', 2),
(320, '2018_12_29_180913_change3_tours_table', 2),
(321, '2019_01_08_165426_create_images_table', 2),
(322, '2019_02_05_210809_create_events_table', 2),
(323, '2019_02_07_210717_create_comments_table', 2),
(324, '2019_02_07_211106_create_comment_pluses_table', 2),
(325, '2019_02_07_211456_change_comment2_table', 2),
(326, '2019_02_07_213833_create_coms_comt_pluses_table', 2),
(327, '2019_02_10_193927_create_jobs_table', 2),
(328, '2019_02_11_162441_create_subscriptions_table', 2),
(329, '2019_03_05_120649_create_currencies_table', 2);

-- --------------------------------------------------------

--
-- Структура таблиці `password_resets`
--

CREATE TABLE `password_resets` (
  `email` varchar(191) COLLATE utf8mb4_unicode_ci NOT NULL,
  `token` varchar(191) COLLATE utf8mb4_unicode_ci NOT NULL,
  `created_at` timestamp NULL DEFAULT NULL
) ENGINE=InnoDB DEFAULT CHARSET=utf8mb4 COLLATE=utf8mb4_unicode_ci;

-- --------------------------------------------------------

--
-- Структура таблиці `permissions`
--

CREATE TABLE `permissions` (
  `id` int(10) UNSIGNED NOT NULL,
  `name` varchar(191) COLLATE utf8mb4_unicode_ci NOT NULL,
  `title` varchar(191) COLLATE utf8mb4_unicode_ci NOT NULL,
  `created_at` timestamp NULL DEFAULT NULL,
  `updated_at` timestamp NULL DEFAULT NULL
) ENGINE=InnoDB DEFAULT CHARSET=utf8mb4 COLLATE=utf8mb4_unicode_ci;

--
-- Дамп даних таблиці `permissions`
--

INSERT INTO `permissions` (`id`, `name`, `title`, `created_at`, `updated_at`) VALUES
(1, 'VIEW_ADMIN', 'Перегляд адмін панелі', NULL, NULL),
(2, 'VIEW_TOUR', 'Перегляд туру', NULL, NULL),
(3, 'CREATE_TOUR', 'Добавлення туру', NULL, NULL),
(4, 'UPDATE_TOUR', 'Редагування туру', NULL, NULL),
(5, 'DELETE_TOUR', 'Видалення туру', NULL, NULL),
(6, 'VIEW_PERMISSIONS', 'Перегляд прав', NULL, NULL),
(7, 'CREATE_PERMISSIONS', 'Добавлення прав', NULL, NULL),
(8, 'UPDATE_PERMISSIONS', 'Редагування прав', NULL, NULL),
(9, 'DELETE_PERMISSIONS', 'Видалення прав', NULL, NULL),
(10, 'VIEW_ROLE', 'Перегляд ролів', NULL, NULL),
(11, 'CREATE_ROLE', 'Добавлення ролів', NULL, NULL),
(12, 'UPDATE_ROLE', 'Редагування ролів', NULL, NULL),
(13, 'DELETE_ROLE', 'Видалення ролів', NULL, NULL),
(14, 'VIEW_SPECIE', 'Перегляд видів турів', NULL, NULL),
(15, 'CREATE_SPECIE', 'Добавлення видів турів', NULL, NULL),
(16, 'UPDATE_SPECIE', 'Редагування видів турів', NULL, NULL),
(17, 'DELETE_SPECIE', 'Видалення видів турів', NULL, NULL);

-- --------------------------------------------------------

--
-- Структура таблиці `permission_roles`
--

CREATE TABLE `permission_roles` (
  `id` int(10) UNSIGNED NOT NULL,
  `role_id` int(10) UNSIGNED NOT NULL DEFAULT '1',
  `permission_id` int(10) UNSIGNED NOT NULL DEFAULT '1',
  `created_at` timestamp NULL DEFAULT NULL,
  `updated_at` timestamp NULL DEFAULT NULL
) ENGINE=InnoDB DEFAULT CHARSET=utf8mb4 COLLATE=utf8mb4_unicode_ci;

--
-- Дамп даних таблиці `permission_roles`
--

INSERT INTO `permission_roles` (`id`, `role_id`, `permission_id`, `created_at`, `updated_at`) VALUES
(1, 1, 1, '2020-07-02 09:22:17', '2020-07-02 09:22:17'),
(2, 1, 2, '2020-07-02 09:22:18', '2020-07-02 09:22:18'),
(3, 1, 3, '2020-07-02 09:22:18', '2020-07-02 09:22:18'),
(4, 1, 4, '2020-07-02 09:22:18', '2020-07-02 09:22:18'),
(5, 1, 5, '2020-07-02 09:22:18', '2020-07-02 09:22:18'),
(6, 1, 6, '2020-07-02 09:22:18', '2020-07-02 09:22:18'),
(7, 1, 7, '2020-07-02 09:22:18', '2020-07-02 09:22:18'),
(8, 1, 8, '2020-07-02 09:22:18', '2020-07-02 09:22:18'),
(9, 1, 9, '2020-07-02 09:22:18', '2020-07-02 09:22:18'),
(10, 1, 10, '2020-07-02 09:22:18', '2020-07-02 09:22:18');

-- --------------------------------------------------------

--
-- Структура таблиці `plus`
--

CREATE TABLE `plus` (
  `id` int(10) UNSIGNED NOT NULL,
  `text` text COLLATE utf8mb4_unicode_ci NOT NULL,
  `room` int(10) UNSIGNED NOT NULL DEFAULT '0',
  `public` tinyint(1) DEFAULT NULL,
  `language_id` int(10) UNSIGNED NOT NULL DEFAULT '1',
  `tour_id` int(10) UNSIGNED NOT NULL DEFAULT '1',
  `created_at` timestamp NULL DEFAULT NULL,
  `updated_at` timestamp NULL DEFAULT NULL
) ENGINE=InnoDB DEFAULT CHARSET=utf8mb4 COLLATE=utf8mb4_unicode_ci;

--
-- Дамп даних таблиці `plus`
--

INSERT INTO `plus` (`id`, `text`, `room`, `public`, `language_id`, `tour_id`, `created_at`, `updated_at`) VALUES
(1, 'Полювання в СНГ для кожного - 1', 0, 1, 2, 1, '2020-07-02 09:22:22', '2020-07-02 09:22:22'),
(2, 'Полювання в СНГ для кожного - 2', 0, 1, 2, 2, '2020-07-02 09:22:22', '2020-07-02 09:22:22'),
(3, 'Полювання в СНГ для кожного - 3', 0, 1, 3, 3, '2020-07-02 09:22:22', '2020-07-02 09:22:22'),
(4, 'Полювання в СНГ для кожного - 4', 0, 1, 2, 4, '2020-07-02 09:22:22', '2020-07-02 09:22:22'),
(5, 'Полювання в СНГ для кожного - 5', 0, 1, 2, 5, '2020-07-02 09:22:23', '2020-07-02 09:22:23'),
(6, 'Полювання в СНГ для кожного - 6', 0, 1, 3, 6, '2020-07-02 09:22:23', '2020-07-02 09:22:23'),
(7, 'Полювання в СНГ для кожного - 7', 0, 1, 2, 7, '2020-07-02 09:22:23', '2020-07-02 09:22:23'),
(8, 'Полювання в СНГ для кожного - 8', 0, 1, 2, 8, '2020-07-02 09:22:23', '2020-07-02 09:22:23'),
(9, 'Полювання в СНГ для кожного - 9', 0, 1, 1, 9, '2020-07-02 09:22:23', '2020-07-02 09:22:23'),
(10, 'Полювання в СНГ для кожного - 10', 0, 1, 1, 10, '2020-07-02 09:22:23', '2020-07-02 09:22:23'),
(11, 'Полювання в СНГ для кожного - 11', 0, 1, 2, 11, '2020-07-02 09:22:23', '2020-07-02 09:22:23'),
(12, 'Полювання в СНГ для кожного - 12', 0, 1, 1, 12, '2020-07-02 09:22:23', '2020-07-02 09:22:23'),
(13, 'Полювання в СНГ для кожного - 13', 0, 1, 1, 13, '2020-07-02 09:22:23', '2020-07-02 09:22:23'),
(14, 'Полювання в СНГ для кожного - 14', 0, 1, 3, 14, '2020-07-02 09:22:23', '2020-07-02 09:22:23'),
(15, 'Полювання в СНГ для кожного - 15', 0, 1, 3, 15, '2020-07-02 09:22:23', '2020-07-02 09:22:23'),
(16, 'Полювання в СНГ для кожного - 16', 0, 1, 2, 16, '2020-07-02 09:22:23', '2020-07-02 09:22:23'),
(17, 'Полювання в СНГ для кожного - 17', 0, 1, 2, 17, '2020-07-02 09:22:23', '2020-07-02 09:22:23'),
(18, 'Полювання в СНГ для кожного - 18', 0, 1, 3, 18, '2020-07-02 09:22:24', '2020-07-02 09:22:24'),
(19, 'Полювання в СНГ для кожного - 19', 0, 1, 2, 19, '2020-07-02 09:22:24', '2020-07-02 09:22:24'),
(20, 'Полювання в СНГ для кожного - 20', 0, 1, 1, 20, '2020-07-02 09:22:24', '2020-07-02 09:22:24'),
(21, 'Полювання в СНГ для кожного - 21', 0, 1, 2, 21, '2020-07-02 09:22:24', '2020-07-02 09:22:24'),
(22, 'Полювання в СНГ для кожного - 22', 0, 1, 2, 22, '2020-07-02 09:22:24', '2020-07-02 09:22:24'),
(23, 'Полювання в СНГ для кожного - 23', 0, 1, 2, 23, '2020-07-02 09:22:24', '2020-07-02 09:22:24'),
(24, 'Полювання в СНГ для кожного - 24', 0, 1, 3, 24, '2020-07-02 09:22:24', '2020-07-02 09:22:24'),
(25, 'Полювання в СНГ для кожного - 25', 0, 1, 1, 25, '2020-07-02 09:22:24', '2020-07-02 09:22:24'),
(26, 'Полювання в СНГ для кожного - 26', 0, 1, 2, 26, '2020-07-02 09:22:24', '2020-07-02 09:22:24'),
(27, 'Полювання в СНГ для кожного - 27', 0, 1, 1, 27, '2020-07-02 09:22:24', '2020-07-02 09:22:24'),
(28, 'Полювання в СНГ для кожного - 28', 0, 1, 2, 28, '2020-07-02 09:22:24', '2020-07-02 09:22:24'),
(29, 'Полювання в СНГ для кожного - 29', 0, 1, 1, 29, '2020-07-02 09:22:24', '2020-07-02 09:22:24'),
(30, 'Полювання в СНГ для кожного - 30', 0, 1, 2, 30, '2020-07-02 09:22:24', '2020-07-02 09:22:24'),
(31, 'Полювання в СНГ для кожного - 31', 0, 1, 3, 31, '2020-07-02 09:22:24', '2020-07-02 09:22:24'),
(32, 'Полювання в СНГ для кожного - 32', 0, 1, 1, 32, '2020-07-02 09:22:24', '2020-07-02 09:22:24'),
(33, 'Полювання в СНГ для кожного - 33', 0, 1, 3, 33, '2020-07-02 09:22:25', '2020-07-02 09:22:25'),
(34, 'Полювання в СНГ для кожного - 34', 0, 1, 2, 34, '2020-07-02 09:22:25', '2020-07-02 09:22:25'),
(35, 'Полювання в СНГ для кожного - 35', 0, 1, 3, 35, '2020-07-02 09:22:25', '2020-07-02 09:22:25'),
(36, 'Полювання в СНГ для кожного - 36', 0, 1, 1, 36, '2020-07-02 09:22:25', '2020-07-02 09:22:25'),
(37, 'Полювання в СНГ для кожного - 37', 0, 1, 2, 37, '2020-07-02 09:22:25', '2020-07-02 09:22:25'),
(38, 'Полювання в СНГ для кожного - 38', 0, 1, 2, 38, '2020-07-02 09:22:25', '2020-07-02 09:22:25'),
(39, 'Полювання в СНГ для кожного - 39', 0, 1, 3, 39, '2020-07-02 09:22:25', '2020-07-02 09:22:25'),
(40, 'Полювання в СНГ для кожного - 40', 0, 1, 1, 40, '2020-07-02 09:22:25', '2020-07-02 09:22:25'),
(41, 'Полювання в СНГ для кожного - 41', 0, 1, 1, 41, '2020-07-02 09:22:25', '2020-07-02 09:22:25'),
(42, 'Полювання в СНГ для кожного - 42', 0, 1, 2, 42, '2020-07-02 09:22:25', '2020-07-02 09:22:25'),
(43, 'Полювання в СНГ для кожного - 43', 0, 1, 1, 43, '2020-07-02 09:22:25', '2020-07-02 09:22:25'),
(44, 'Полювання в СНГ для кожного - 44', 0, 1, 3, 44, '2020-07-02 09:22:25', '2020-07-02 09:22:25'),
(45, 'Полювання в СНГ для кожного - 45', 0, 1, 3, 45, '2020-07-02 09:22:25', '2020-07-02 09:22:25'),
(46, 'Полювання в СНГ для кожного - 46', 0, 1, 2, 46, '2020-07-02 09:22:25', '2020-07-02 09:22:25'),
(47, 'Полювання в СНГ для кожного - 47', 0, 1, 3, 47, '2020-07-02 09:22:26', '2020-07-02 09:22:26'),
(48, 'Полювання в СНГ для кожного - 48', 0, 1, 1, 48, '2020-07-02 09:22:26', '2020-07-02 09:22:26'),
(49, 'Полювання в СНГ для кожного - 49', 0, 1, 1, 49, '2020-07-02 09:22:26', '2020-07-02 09:22:26'),
(50, 'Приїжайте, в нас найкраще!!!', 1, 1, 2, 1, '2020-07-02 09:22:26', '2020-07-02 09:22:26'),
(51, 'Приїжайте, в нас найкраще!!!', 2, 1, 2, 2, '2020-07-02 09:22:26', '2020-07-02 09:22:26'),
(52, 'Приїжайте, в нас найкраще!!!', 3, 1, 2, 3, '2020-07-02 09:22:26', '2020-07-02 09:22:26'),
(53, 'Приїжайте, в нас найкраще!!!', 4, 1, 2, 4, '2020-07-02 09:22:26', '2020-07-02 09:22:26'),
(54, 'Приїжайте, в нас найкраще!!!', 5, 1, 1, 5, '2020-07-02 09:22:26', '2020-07-02 09:22:26'),
(55, 'Приїжайте, в нас найкраще!!!', 6, 1, 3, 6, '2020-07-02 09:22:26', '2020-07-02 09:22:26'),
(56, 'Приїжайте, в нас найкраще!!!', 7, 1, 3, 7, '2020-07-02 09:22:26', '2020-07-02 09:22:26'),
(57, 'Приїжайте, в нас найкраще!!!', 8, 1, 2, 8, '2020-07-02 09:22:26', '2020-07-02 09:22:26'),
(58, 'Приїжайте, в нас найкраще!!!', 9, 1, 2, 9, '2020-07-02 09:22:26', '2020-07-02 09:22:26'),
(59, 'Приїжайте, в нас найкраще!!!', 10, 1, 1, 10, '2020-07-02 09:22:26', '2020-07-02 09:22:26'),
(60, 'Приїжайте, в нас найкраще!!!', 11, 1, 3, 11, '2020-07-02 09:22:27', '2020-07-02 09:22:27'),
(61, 'Приїжайте, в нас найкраще!!!', 12, 1, 2, 12, '2020-07-02 09:22:27', '2020-07-02 09:22:27'),
(62, 'Приїжайте, в нас найкраще!!!', 13, 1, 1, 13, '2020-07-02 09:22:27', '2020-07-02 09:22:27'),
(63, 'Приїжайте, в нас найкраще!!!', 14, 1, 3, 14, '2020-07-02 09:22:27', '2020-07-02 09:22:27'),
(64, 'Приїжайте, в нас найкраще!!!', 15, 1, 2, 15, '2020-07-02 09:22:27', '2020-07-02 09:22:27'),
(65, 'Приїжайте, в нас найкраще!!!', 16, 1, 2, 16, '2020-07-02 09:22:27', '2020-07-02 09:22:27'),
(66, 'Приїжайте, в нас найкраще!!!', 17, 1, 3, 17, '2020-07-02 09:22:27', '2020-07-02 09:22:27'),
(67, 'Приїжайте, в нас найкраще!!!', 18, 1, 1, 18, '2020-07-02 09:22:27', '2020-07-02 09:22:27'),
(68, 'Приїжайте, в нас найкраще!!!', 19, 1, 1, 19, '2020-07-02 09:22:27', '2020-07-02 09:22:27'),
(69, 'Приїжайте, в нас найкраще!!!', 20, 1, 1, 20, '2020-07-02 09:22:27', '2020-07-02 09:22:27'),
(70, 'Приїжайте, в нас найкраще!!!', 21, 1, 3, 21, '2020-07-02 09:22:27', '2020-07-02 09:22:27'),
(71, 'Приїжайте, в нас найкраще!!!', 22, 1, 1, 22, '2020-07-02 09:22:28', '2020-07-02 09:22:28'),
(72, 'Приїжайте, в нас найкраще!!!', 23, 1, 3, 23, '2020-07-02 09:22:28', '2020-07-02 09:22:28'),
(73, 'Приїжайте, в нас найкраще!!!', 24, 1, 3, 24, '2020-07-02 09:22:28', '2020-07-02 09:22:28'),
(74, 'Приїжайте, в нас найкраще!!!', 25, 1, 3, 25, '2020-07-02 09:22:28', '2020-07-02 09:22:28'),
(75, 'Приїжайте, в нас найкраще!!!', 26, 1, 3, 26, '2020-07-02 09:22:28', '2020-07-02 09:22:28'),
(76, 'Приїжайте, в нас найкраще!!!', 27, 1, 3, 27, '2020-07-02 09:22:28', '2020-07-02 09:22:28'),
(77, 'Приїжайте, в нас найкраще!!!', 28, 1, 1, 28, '2020-07-02 09:22:28', '2020-07-02 09:22:28'),
(78, 'Приїжайте, в нас найкраще!!!', 29, 1, 1, 29, '2020-07-02 09:22:28', '2020-07-02 09:22:28'),
(79, 'Приїжайте, в нас найкраще!!!', 30, 1, 2, 30, '2020-07-02 09:22:28', '2020-07-02 09:22:28'),
(80, 'Приїжайте, в нас найкраще!!!', 31, 1, 1, 31, '2020-07-02 09:22:28', '2020-07-02 09:22:28'),
(81, 'Приїжайте, в нас найкраще!!!', 32, 1, 2, 32, '2020-07-02 09:22:28', '2020-07-02 09:22:28'),
(82, 'Приїжайте, в нас найкраще!!!', 33, 1, 3, 33, '2020-07-02 09:22:28', '2020-07-02 09:22:28'),
(83, 'Приїжайте, в нас найкраще!!!', 34, 1, 3, 34, '2020-07-02 09:22:28', '2020-07-02 09:22:28'),
(84, 'Приїжайте, в нас найкраще!!!', 35, 1, 2, 35, '2020-07-02 09:22:28', '2020-07-02 09:22:28'),
(85, 'Приїжайте, в нас найкраще!!!', 36, 1, 3, 36, '2020-07-02 09:22:28', '2020-07-02 09:22:28'),
(86, 'Приїжайте, в нас найкраще!!!', 37, 1, 1, 37, '2020-07-02 09:22:28', '2020-07-02 09:22:28'),
(87, 'Приїжайте, в нас найкраще!!!', 38, 1, 1, 38, '2020-07-02 09:22:28', '2020-07-02 09:22:28'),
(88, 'Приїжайте, в нас найкраще!!!', 39, 1, 3, 39, '2020-07-02 09:22:28', '2020-07-02 09:22:28'),
(89, 'Приїжайте, в нас найкраще!!!', 40, 1, 2, 40, '2020-07-02 09:22:28', '2020-07-02 09:22:28'),
(90, 'Приїжайте, в нас найкраще!!!', 41, 1, 2, 41, '2020-07-02 09:22:29', '2020-07-02 09:22:29'),
(91, 'Приїжайте, в нас найкраще!!!', 42, 1, 1, 42, '2020-07-02 09:22:29', '2020-07-02 09:22:29'),
(92, 'Приїжайте, в нас найкраще!!!', 43, 1, 3, 43, '2020-07-02 09:22:29', '2020-07-02 09:22:29'),
(93, 'Приїжайте, в нас найкраще!!!', 44, 1, 2, 44, '2020-07-02 09:22:29', '2020-07-02 09:22:29'),
(94, 'Приїжайте, в нас найкраще!!!', 45, 1, 2, 45, '2020-07-02 09:22:29', '2020-07-02 09:22:29'),
(95, 'Приїжайте, в нас найкраще!!!', 46, 1, 3, 46, '2020-07-02 09:22:29', '2020-07-02 09:22:29'),
(96, 'Приїжайте, в нас найкраще!!!', 47, 1, 1, 47, '2020-07-02 09:22:29', '2020-07-02 09:22:29'),
(97, 'Приїжайте, в нас найкраще!!!', 48, 1, 3, 48, '2020-07-02 09:22:29', '2020-07-02 09:22:29'),
(98, 'Приїжайте, в нас найкраще!!!', 49, 1, 2, 49, '2020-07-02 09:22:29', '2020-07-02 09:22:29');

-- --------------------------------------------------------

--
-- Структура таблиці `regions`
--

CREATE TABLE `regions` (
  `id` int(10) UNSIGNED NOT NULL,
  `name` varchar(191) COLLATE utf8mb4_unicode_ci NOT NULL,
  `slug` varchar(191) COLLATE utf8mb4_unicode_ci NOT NULL,
  `image` varchar(191) COLLATE utf8mb4_unicode_ci NOT NULL,
  `public` tinyint(1) DEFAULT NULL,
  `created_at` timestamp NULL DEFAULT NULL,
  `updated_at` timestamp NULL DEFAULT NULL,
  `language_id` int(10) UNSIGNED NOT NULL DEFAULT '1',
  `country_id` int(10) UNSIGNED NOT NULL DEFAULT '1'
) ENGINE=InnoDB DEFAULT CHARSET=utf8mb4 COLLATE=utf8mb4_unicode_ci;

--
-- Дамп даних таблиці `regions`
--

INSERT INTO `regions` (`id`, `name`, `slug`, `image`, `public`, `created_at`, `updated_at`, `language_id`, `country_id`) VALUES
(1, 'Волинь', 'volun', 'img_1.jpg', 1, NULL, NULL, 1, 1),
(2, 'Volun', 'volun', 'img_1.jpg', 1, NULL, NULL, 3, 2),
(3, 'Київ', 'kiev', 'img_2.jpg', 1, NULL, NULL, 1, 1),
(4, 'Kiev', 'kiev', 'img_2.jpg', 1, NULL, NULL, 3, 2),
(5, 'Варшава', 'warsaw', 'img_3.jpg', 1, NULL, NULL, 1, 5),
(6, 'Warsaw', 'warsaw', 'img_3.jpg', 1, NULL, NULL, 3, 6);

-- --------------------------------------------------------

--
-- Структура таблиці `roles`
--

CREATE TABLE `roles` (
  `id` int(10) UNSIGNED NOT NULL,
  `name` varchar(191) COLLATE utf8mb4_unicode_ci NOT NULL,
  `title` varchar(191) COLLATE utf8mb4_unicode_ci NOT NULL,
  `created_at` timestamp NULL DEFAULT NULL,
  `updated_at` timestamp NULL DEFAULT NULL
) ENGINE=InnoDB DEFAULT CHARSET=utf8mb4 COLLATE=utf8mb4_unicode_ci;

--
-- Дамп даних таблиці `roles`
--

INSERT INTO `roles` (`id`, `name`, `title`, `created_at`, `updated_at`) VALUES
(1, 'super_admin', 'Супер Адмін', NULL, NULL),
(2, 'admin', 'Адмін', NULL, NULL),
(3, 'moderator', 'Редактор', NULL, NULL);

-- --------------------------------------------------------

--
-- Структура таблиці `roles_users`
--

CREATE TABLE `roles_users` (
  `id` int(10) UNSIGNED NOT NULL,
  `user_id` int(10) UNSIGNED NOT NULL DEFAULT '1',
  `role_id` int(10) UNSIGNED NOT NULL DEFAULT '1',
  `created_at` timestamp NULL DEFAULT NULL,
  `updated_at` timestamp NULL DEFAULT NULL
) ENGINE=InnoDB DEFAULT CHARSET=utf8mb4 COLLATE=utf8mb4_unicode_ci;

--
-- Дамп даних таблиці `roles_users`
--

INSERT INTO `roles_users` (`id`, `user_id`, `role_id`, `created_at`, `updated_at`) VALUES
(1, 1, 1, '2020-07-02 09:22:18', '2020-07-02 09:22:18'),
(2, 2, 2, '2020-07-02 09:22:18', '2020-07-02 09:22:18'),
(3, 3, 3, '2020-07-02 09:22:18', '2020-07-02 09:22:18');

-- --------------------------------------------------------

--
-- Структура таблиці `services`
--

CREATE TABLE `services` (
  `id` int(10) UNSIGNED NOT NULL,
  `name` text COLLATE utf8mb4_unicode_ci NOT NULL,
  `addition` text COLLATE utf8mb4_unicode_ci,
  `position` int(10) UNSIGNED NOT NULL DEFAULT '0',
  `public` tinyint(1) DEFAULT NULL,
  `language_id` int(10) UNSIGNED NOT NULL DEFAULT '1',
  `created_at` timestamp NULL DEFAULT NULL,
  `updated_at` timestamp NULL DEFAULT NULL
) ENGINE=InnoDB DEFAULT CHARSET=utf8mb4 COLLATE=utf8mb4_unicode_ci;

--
-- Дамп даних таблиці `services`
--

INSERT INTO `services` (`id`, `name`, `addition`, `position`, `public`, `language_id`, `created_at`, `updated_at`) VALUES
(1, 'Cпорядження', '', 1, 1, 1, NULL, NULL),
(2, 'Equipment', '', 1, 1, 3, NULL, NULL),
(3, 'Проживання', '', 1, 1, 1, NULL, NULL),
(4, 'Residence', '', 1, 1, 3, NULL, NULL),
(5, 'Транспортування', '', 1, 1, 1, NULL, NULL),
(6, 'Transportation', '', 1, 1, 3, NULL, NULL),
(7, 'Дворазове харчування', 'ціна за 1 людину', 1, 1, 1, NULL, NULL),
(8, 'Two meals a day', 'price for 1 person', 1, 1, 3, NULL, NULL);

-- --------------------------------------------------------

--
-- Структура таблиці `species`
--

CREATE TABLE `species` (
  `id` int(10) UNSIGNED NOT NULL,
  `name` varchar(191) COLLATE utf8mb4_unicode_ci NOT NULL,
  `slug` varchar(191) COLLATE utf8mb4_unicode_ci NOT NULL,
  `icon` varchar(191) COLLATE utf8mb4_unicode_ci DEFAULT NULL,
  `public` tinyint(1) DEFAULT NULL,
  `language_id` int(10) UNSIGNED NOT NULL DEFAULT '1',
  `created_at` timestamp NULL DEFAULT NULL,
  `updated_at` timestamp NULL DEFAULT NULL
) ENGINE=InnoDB DEFAULT CHARSET=utf8mb4 COLLATE=utf8mb4_unicode_ci;

--
-- Дамп даних таблиці `species`
--

INSERT INTO `species` (`id`, `name`, `slug`, `icon`, `public`, `language_id`, `created_at`, `updated_at`) VALUES
(1, 'Дайвінг', 'diving', '', 1, 1, NULL, NULL),
(2, 'Daving', 'diving', '', 1, 3, NULL, NULL),
(3, 'Риболовля', 'fishing', '', 1, 1, NULL, NULL),
(4, 'Fishing', 'fishing', '', 1, 3, NULL, NULL),
(5, 'Туризм', 'tousim', '', 1, 1, NULL, NULL),
(6, 'Tousim', 'tousim', '', 1, 3, NULL, NULL);

-- --------------------------------------------------------

--
-- Структура таблиці `subscriptions`
--

CREATE TABLE `subscriptions` (
  `id` int(10) UNSIGNED NOT NULL,
  `email` varchar(191) COLLATE utf8mb4_unicode_ci NOT NULL,
  `public` tinyint(1) DEFAULT NULL,
  `created_at` timestamp NULL DEFAULT NULL,
  `updated_at` timestamp NULL DEFAULT NULL
) ENGINE=InnoDB DEFAULT CHARSET=utf8mb4 COLLATE=utf8mb4_unicode_ci;

--
-- Дамп даних таблиці `subscriptions`
--

INSERT INTO `subscriptions` (`id`, `email`, `public`, `created_at`, `updated_at`) VALUES
(1, 'admin@gmail.com', 1, NULL, NULL),
(2, 'roma@gmail.com', 1, NULL, NULL),
(3, 'vova@gmail.com', 1, NULL, NULL);

-- --------------------------------------------------------

--
-- Структура таблиці `tours`
--

CREATE TABLE `tours` (
  `id` int(10) UNSIGNED NOT NULL,
  `title` varchar(191) COLLATE utf8mb4_unicode_ci NOT NULL,
  `slug` varchar(191) COLLATE utf8mb4_unicode_ci NOT NULL,
  `price` int(11) NOT NULL,
  `discount` int(11) DEFAULT NULL,
  `price_discount` int(11) DEFAULT NULL,
  `new` tinyint(1) DEFAULT NULL,
  `sold` tinyint(1) DEFAULT NULL,
  `description` text COLLATE utf8mb4_unicode_ci NOT NULL,
  `text` text COLLATE utf8mb4_unicode_ci NOT NULL,
  `image` varchar(191) COLLATE utf8mb4_unicode_ci DEFAULT NULL,
  `rating` double(8,2) DEFAULT NULL,
  `root` tinyint(1) DEFAULT NULL,
  `public` tinyint(1) DEFAULT NULL,
  `created_at` timestamp NULL DEFAULT NULL,
  `updated_at` timestamp NULL DEFAULT NULL,
  `region_id` int(10) UNSIGNED NOT NULL DEFAULT '1',
  `language_id` int(10) UNSIGNED NOT NULL DEFAULT '1',
  `specie_id` int(10) UNSIGNED NOT NULL DEFAULT '1'
) ENGINE=InnoDB DEFAULT CHARSET=utf8mb4 COLLATE=utf8mb4_unicode_ci;

--
-- Дамп даних таблиці `tours`
--

INSERT INTO `tours` (`id`, `title`, `slug`, `price`, `discount`, `price_discount`, `new`, `sold`, `description`, `text`, `image`, `rating`, `root`, `public`, `created_at`, `updated_at`, `region_id`, `language_id`, `specie_id`) VALUES
(1, 'Активний відпочинок по Європі для кожного - 1', 'diving_1', 2924, 15, 1205, 1, 0, 'Активний відпочинок, рекреація (англ. Active leisure) — спосіб проведення вільного часу, різновид хобі, в процесі якого відпочивальник займається активними видами відпочинку, що потребують активної фізичної роботи організму, роботи м`язів, всього тіла.', 'Активний відпочинок, рекреація (англ. Active leisure) — спосіб проведення вільного часу, різновид хобі, в процесі якого відпочивальник займається активними видами відпочинку, що потребують активної фізичної роботи організму, роботи м`язів, всього тіла.', 'diving2.jpg', 4.80, 1, 1, '2020-07-02 09:22:19', '2020-07-02 09:22:19', 3, 3, 1),
(2, 'Активний відпочинок по Європі для кожного - 2', 'diving_2', 3135, 15, 3824, 1, 0, 'Активний відпочинок, рекреація (англ. Active leisure) — спосіб проведення вільного часу, різновид хобі, в процесі якого відпочивальник займається активними видами відпочинку, що потребують активної фізичної роботи організму, роботи м`язів, всього тіла.', 'Активний відпочинок, рекреація (англ. Active leisure) — спосіб проведення вільного часу, різновид хобі, в процесі якого відпочивальник займається активними видами відпочинку, що потребують активної фізичної роботи організму, роботи м`язів, всього тіла.', 'diving5.jpg', 4.80, 1, 1, '2020-07-02 09:22:19', '2020-07-02 09:22:19', 6, 3, 1),
(3, 'Активний відпочинок по Європі для кожного - 3', 'diving_3', 3522, 15, 3927, 1, 0, 'Активний відпочинок, рекреація (англ. Active leisure) — спосіб проведення вільного часу, різновид хобі, в процесі якого відпочивальник займається активними видами відпочинку, що потребують активної фізичної роботи організму, роботи м`язів, всього тіла.', 'Активний відпочинок, рекреація (англ. Active leisure) — спосіб проведення вільного часу, різновид хобі, в процесі якого відпочивальник займається активними видами відпочинку, що потребують активної фізичної роботи організму, роботи м`язів, всього тіла.', 'diving6.jpg', 4.80, 1, 1, '2020-07-02 09:22:19', '2020-07-02 09:22:19', 4, 2, 1),
(4, 'Активний відпочинок по Європі для кожного - 4', 'diving_4', 1849, 15, 1390, 1, 0, 'Активний відпочинок, рекреація (англ. Active leisure) — спосіб проведення вільного часу, різновид хобі, в процесі якого відпочивальник займається активними видами відпочинку, що потребують активної фізичної роботи організму, роботи м`язів, всього тіла.', 'Активний відпочинок, рекреація (англ. Active leisure) — спосіб проведення вільного часу, різновид хобі, в процесі якого відпочивальник займається активними видами відпочинку, що потребують активної фізичної роботи організму, роботи м`язів, всього тіла.', 'diving2.jpg', 4.80, 1, 1, '2020-07-02 09:22:19', '2020-07-02 09:22:19', 1, 2, 1),
(5, 'Активний відпочинок по Європі для кожного - 5', 'diving_5', 3762, 15, 2525, 1, 0, 'Активний відпочинок, рекреація (англ. Active leisure) — спосіб проведення вільного часу, різновид хобі, в процесі якого відпочивальник займається активними видами відпочинку, що потребують активної фізичної роботи організму, роботи м`язів, всього тіла.', 'Активний відпочинок, рекреація (англ. Active leisure) — спосіб проведення вільного часу, різновид хобі, в процесі якого відпочивальник займається активними видами відпочинку, що потребують активної фізичної роботи організму, роботи м`язів, всього тіла.', 'diving6.jpg', 4.80, 1, 1, '2020-07-02 09:22:19', '2020-07-02 09:22:19', 2, 3, 1),
(6, 'Активний відпочинок по Європі для кожного - 6', 'diving_6', 2116, 15, 4444, 1, 0, 'Активний відпочинок, рекреація (англ. Active leisure) — спосіб проведення вільного часу, різновид хобі, в процесі якого відпочивальник займається активними видами відпочинку, що потребують активної фізичної роботи організму, роботи м`язів, всього тіла.', 'Активний відпочинок, рекреація (англ. Active leisure) — спосіб проведення вільного часу, різновид хобі, в процесі якого відпочивальник займається активними видами відпочинку, що потребують активної фізичної роботи організму, роботи м`язів, всього тіла.', 'diving5.jpg', 4.80, 1, 1, '2020-07-02 09:22:19', '2020-07-02 09:22:19', 3, 3, 1),
(7, 'Активний відпочинок по Європі для кожного - 7', 'diving_7', 4817, 15, 3755, 1, 0, 'Активний відпочинок, рекреація (англ. Active leisure) — спосіб проведення вільного часу, різновид хобі, в процесі якого відпочивальник займається активними видами відпочинку, що потребують активної фізичної роботи організму, роботи м`язів, всього тіла.', 'Активний відпочинок, рекреація (англ. Active leisure) — спосіб проведення вільного часу, різновид хобі, в процесі якого відпочивальник займається активними видами відпочинку, що потребують активної фізичної роботи організму, роботи м`язів, всього тіла.', 'diving5.jpg', 4.80, 1, 1, '2020-07-02 09:22:19', '2020-07-02 09:22:19', 1, 3, 1),
(8, 'Активний відпочинок по Європі для кожного - 8', 'diving_8', 4545, 15, 2841, 1, 0, 'Активний відпочинок, рекреація (англ. Active leisure) — спосіб проведення вільного часу, різновид хобі, в процесі якого відпочивальник займається активними видами відпочинку, що потребують активної фізичної роботи організму, роботи м`язів, всього тіла.', 'Активний відпочинок, рекреація (англ. Active leisure) — спосіб проведення вільного часу, різновид хобі, в процесі якого відпочивальник займається активними видами відпочинку, що потребують активної фізичної роботи організму, роботи м`язів, всього тіла.', 'diving2.jpg', 4.80, 1, 1, '2020-07-02 09:22:19', '2020-07-02 09:22:19', 4, 3, 1),
(9, 'Активний відпочинок по Європі для кожного - 9', 'diving_9', 2873, 15, 1526, 1, 0, 'Активний відпочинок, рекреація (англ. Active leisure) — спосіб проведення вільного часу, різновид хобі, в процесі якого відпочивальник займається активними видами відпочинку, що потребують активної фізичної роботи організму, роботи м`язів, всього тіла.', 'Активний відпочинок, рекреація (англ. Active leisure) — спосіб проведення вільного часу, різновид хобі, в процесі якого відпочивальник займається активними видами відпочинку, що потребують активної фізичної роботи організму, роботи м`язів, всього тіла.', 'diving4.jpg', 4.80, 1, 1, '2020-07-02 09:22:19', '2020-07-02 09:22:19', 4, 1, 1),
(10, 'Активний відпочинок по Європі для кожного - 10', 'diving_10', 2321, 15, 2450, 1, 0, 'Активний відпочинок, рекреація (англ. Active leisure) — спосіб проведення вільного часу, різновид хобі, в процесі якого відпочивальник займається активними видами відпочинку, що потребують активної фізичної роботи організму, роботи м`язів, всього тіла.', 'Активний відпочинок, рекреація (англ. Active leisure) — спосіб проведення вільного часу, різновид хобі, в процесі якого відпочивальник займається активними видами відпочинку, що потребують активної фізичної роботи організму, роботи м`язів, всього тіла.', 'diving5.jpg', 4.80, 1, 1, '2020-07-02 09:22:19', '2020-07-02 09:22:19', 2, 2, 1),
(11, 'Активний відпочинок по Європі для кожного - 11', 'diving_11', 2546, 15, 3641, 1, 0, 'Активний відпочинок, рекреація (англ. Active leisure) — спосіб проведення вільного часу, різновид хобі, в процесі якого відпочивальник займається активними видами відпочинку, що потребують активної фізичної роботи організму, роботи м`язів, всього тіла.', 'Активний відпочинок, рекреація (англ. Active leisure) — спосіб проведення вільного часу, різновид хобі, в процесі якого відпочивальник займається активними видами відпочинку, що потребують активної фізичної роботи організму, роботи м`язів, всього тіла.', 'diving5.jpg', 4.80, 1, 1, '2020-07-02 09:22:19', '2020-07-02 09:22:19', 6, 1, 1),
(12, 'Активний відпочинок по Європі для кожного - 12', 'diving_12', 1777, 15, 3620, 1, 0, 'Активний відпочинок, рекреація (англ. Active leisure) — спосіб проведення вільного часу, різновид хобі, в процесі якого відпочивальник займається активними видами відпочинку, що потребують активної фізичної роботи організму, роботи м`язів, всього тіла.', 'Активний відпочинок, рекреація (англ. Active leisure) — спосіб проведення вільного часу, різновид хобі, в процесі якого відпочивальник займається активними видами відпочинку, що потребують активної фізичної роботи організму, роботи м`язів, всього тіла.', 'diving2.jpg', 4.80, 1, 1, '2020-07-02 09:22:20', '2020-07-02 09:22:20', 4, 3, 1),
(13, 'Активний відпочинок по Європі для кожного - 13', 'diving_13', 4569, 15, 3840, 1, 0, 'Активний відпочинок, рекреація (англ. Active leisure) — спосіб проведення вільного часу, різновид хобі, в процесі якого відпочивальник займається активними видами відпочинку, що потребують активної фізичної роботи організму, роботи м`язів, всього тіла.', 'Активний відпочинок, рекреація (англ. Active leisure) — спосіб проведення вільного часу, різновид хобі, в процесі якого відпочивальник займається активними видами відпочинку, що потребують активної фізичної роботи організму, роботи м`язів, всього тіла.', 'diving4.jpg', 4.80, 1, 1, '2020-07-02 09:22:20', '2020-07-02 09:22:20', 2, 3, 1),
(14, 'Активний відпочинок по Європі для кожного - 14', 'diving_14', 4788, 15, 2842, 1, 0, 'Активний відпочинок, рекреація (англ. Active leisure) — спосіб проведення вільного часу, різновид хобі, в процесі якого відпочивальник займається активними видами відпочинку, що потребують активної фізичної роботи організму, роботи м`язів, всього тіла.', 'Активний відпочинок, рекреація (англ. Active leisure) — спосіб проведення вільного часу, різновид хобі, в процесі якого відпочивальник займається активними видами відпочинку, що потребують активної фізичної роботи організму, роботи м`язів, всього тіла.', 'diving3.jpg', 4.80, 1, 1, '2020-07-02 09:22:20', '2020-07-02 09:22:20', 1, 2, 1),
(15, 'Активний відпочинок по Європі для кожного - 15', 'diving_15', 1586, 15, 4044, 1, 0, 'Активний відпочинок, рекреація (англ. Active leisure) — спосіб проведення вільного часу, різновид хобі, в процесі якого відпочивальник займається активними видами відпочинку, що потребують активної фізичної роботи організму, роботи м`язів, всього тіла.', 'Активний відпочинок, рекреація (англ. Active leisure) — спосіб проведення вільного часу, різновид хобі, в процесі якого відпочивальник займається активними видами відпочинку, що потребують активної фізичної роботи організму, роботи м`язів, всього тіла.', 'diving6.jpg', 4.80, 1, 1, '2020-07-02 09:22:20', '2020-07-02 09:22:20', 3, 2, 1),
(16, 'Активний відпочинок по Європі для кожного - 16', 'diving_16', 2430, 15, 2953, 1, 0, 'Активний відпочинок, рекреація (англ. Active leisure) — спосіб проведення вільного часу, різновид хобі, в процесі якого відпочивальник займається активними видами відпочинку, що потребують активної фізичної роботи організму, роботи м`язів, всього тіла.', 'Активний відпочинок, рекреація (англ. Active leisure) — спосіб проведення вільного часу, різновид хобі, в процесі якого відпочивальник займається активними видами відпочинку, що потребують активної фізичної роботи організму, роботи м`язів, всього тіла.', 'diving1.jpg', 4.80, 1, 1, '2020-07-02 09:22:20', '2020-07-02 09:22:20', 3, 2, 1),
(17, 'Активний відпочинок по Європі для кожного - 17', 'diving_17', 4469, 15, 3139, 1, 0, 'Активний відпочинок, рекреація (англ. Active leisure) — спосіб проведення вільного часу, різновид хобі, в процесі якого відпочивальник займається активними видами відпочинку, що потребують активної фізичної роботи організму, роботи м`язів, всього тіла.', 'Активний відпочинок, рекреація (англ. Active leisure) — спосіб проведення вільного часу, різновид хобі, в процесі якого відпочивальник займається активними видами відпочинку, що потребують активної фізичної роботи організму, роботи м`язів, всього тіла.', 'diving4.jpg', 4.80, 1, 1, '2020-07-02 09:22:20', '2020-07-02 09:22:20', 3, 3, 1),
(18, 'Активний відпочинок по Європі для кожного - 18', 'diving_18', 3015, 15, 1656, 1, 0, 'Активний відпочинок, рекреація (англ. Active leisure) — спосіб проведення вільного часу, різновид хобі, в процесі якого відпочивальник займається активними видами відпочинку, що потребують активної фізичної роботи організму, роботи м`язів, всього тіла.', 'Активний відпочинок, рекреація (англ. Active leisure) — спосіб проведення вільного часу, різновид хобі, в процесі якого відпочивальник займається активними видами відпочинку, що потребують активної фізичної роботи організму, роботи м`язів, всього тіла.', 'diving5.jpg', 4.80, 1, 1, '2020-07-02 09:22:20', '2020-07-02 09:22:20', 3, 3, 1),
(19, 'Активний відпочинок по Європі для кожного - 19', 'diving_19', 1594, 15, 2368, 1, 0, 'Активний відпочинок, рекреація (англ. Active leisure) — спосіб проведення вільного часу, різновид хобі, в процесі якого відпочивальник займається активними видами відпочинку, що потребують активної фізичної роботи організму, роботи м`язів, всього тіла.', 'Активний відпочинок, рекреація (англ. Active leisure) — спосіб проведення вільного часу, різновид хобі, в процесі якого відпочивальник займається активними видами відпочинку, що потребують активної фізичної роботи організму, роботи м`язів, всього тіла.', 'diving4.jpg', 4.80, 1, 1, '2020-07-02 09:22:20', '2020-07-02 09:22:20', 6, 3, 1),
(20, 'Активний відпочинок по Європі для кожного - 20', 'diving_20', 3809, 15, 1360, 1, 0, 'Активний відпочинок, рекреація (англ. Active leisure) — спосіб проведення вільного часу, різновид хобі, в процесі якого відпочивальник займається активними видами відпочинку, що потребують активної фізичної роботи організму, роботи м`язів, всього тіла.', 'Активний відпочинок, рекреація (англ. Active leisure) — спосіб проведення вільного часу, різновид хобі, в процесі якого відпочивальник займається активними видами відпочинку, що потребують активної фізичної роботи організму, роботи м`язів, всього тіла.', 'diving3.jpg', 4.80, 1, 1, '2020-07-02 09:22:20', '2020-07-02 09:22:20', 3, 1, 1),
(21, 'Активний відпочинок по Європі для кожного - 21', 'diving_21', 4076, 15, 1604, 1, 0, 'Активний відпочинок, рекреація (англ. Active leisure) — спосіб проведення вільного часу, різновид хобі, в процесі якого відпочивальник займається активними видами відпочинку, що потребують активної фізичної роботи організму, роботи м`язів, всього тіла.', 'Активний відпочинок, рекреація (англ. Active leisure) — спосіб проведення вільного часу, різновид хобі, в процесі якого відпочивальник займається активними видами відпочинку, що потребують активної фізичної роботи організму, роботи м`язів, всього тіла.', 'diving6.jpg', 4.80, 1, 1, '2020-07-02 09:22:20', '2020-07-02 09:22:20', 5, 2, 1),
(22, 'Активний відпочинок по Європі для кожного - 22', 'diving_22', 4940, 15, 3272, 1, 0, 'Активний відпочинок, рекреація (англ. Active leisure) — спосіб проведення вільного часу, різновид хобі, в процесі якого відпочивальник займається активними видами відпочинку, що потребують активної фізичної роботи організму, роботи м`язів, всього тіла.', 'Активний відпочинок, рекреація (англ. Active leisure) — спосіб проведення вільного часу, різновид хобі, в процесі якого відпочивальник займається активними видами відпочинку, що потребують активної фізичної роботи організму, роботи м`язів, всього тіла.', 'diving5.jpg', 4.80, 1, 1, '2020-07-02 09:22:20', '2020-07-02 09:22:20', 2, 3, 1),
(23, 'Активний відпочинок по Європі для кожного - 23', 'diving_23', 2578, 15, 4337, 1, 0, 'Активний відпочинок, рекреація (англ. Active leisure) — спосіб проведення вільного часу, різновид хобі, в процесі якого відпочивальник займається активними видами відпочинку, що потребують активної фізичної роботи організму, роботи м`язів, всього тіла.', 'Активний відпочинок, рекреація (англ. Active leisure) — спосіб проведення вільного часу, різновид хобі, в процесі якого відпочивальник займається активними видами відпочинку, що потребують активної фізичної роботи організму, роботи м`язів, всього тіла.', 'diving5.jpg', 4.80, 1, 1, '2020-07-02 09:22:20', '2020-07-02 09:22:20', 1, 3, 1),
(24, 'Активний відпочинок по Європі для кожного - 24', 'diving_24', 3014, 15, 1554, 1, 0, 'Активний відпочинок, рекреація (англ. Active leisure) — спосіб проведення вільного часу, різновид хобі, в процесі якого відпочивальник займається активними видами відпочинку, що потребують активної фізичної роботи організму, роботи м`язів, всього тіла.', 'Активний відпочинок, рекреація (англ. Active leisure) — спосіб проведення вільного часу, різновид хобі, в процесі якого відпочивальник займається активними видами відпочинку, що потребують активної фізичної роботи організму, роботи м`язів, всього тіла.', 'diving3.jpg', 4.80, 1, 1, '2020-07-02 09:22:20', '2020-07-02 09:22:20', 2, 1, 1),
(25, 'Активний відпочинок по Європі для кожного - 25', 'diving_25', 2380, 15, 3674, 1, 0, 'Активний відпочинок, рекреація (англ. Active leisure) — спосіб проведення вільного часу, різновид хобі, в процесі якого відпочивальник займається активними видами відпочинку, що потребують активної фізичної роботи організму, роботи м`язів, всього тіла.', 'Активний відпочинок, рекреація (англ. Active leisure) — спосіб проведення вільного часу, різновид хобі, в процесі якого відпочивальник займається активними видами відпочинку, що потребують активної фізичної роботи організму, роботи м`язів, всього тіла.', 'diving3.jpg', 4.80, 1, 1, '2020-07-02 09:22:20', '2020-07-02 09:22:20', 4, 2, 1),
(26, 'Активний відпочинок по Європі для кожного - 26', 'diving_26', 4937, 15, 1945, 1, 0, 'Активний відпочинок, рекреація (англ. Active leisure) — спосіб проведення вільного часу, різновид хобі, в процесі якого відпочивальник займається активними видами відпочинку, що потребують активної фізичної роботи організму, роботи м`язів, всього тіла.', 'Активний відпочинок, рекреація (англ. Active leisure) — спосіб проведення вільного часу, різновид хобі, в процесі якого відпочивальник займається активними видами відпочинку, що потребують активної фізичної роботи організму, роботи м`язів, всього тіла.', 'diving6.jpg', 4.80, 1, 1, '2020-07-02 09:22:20', '2020-07-02 09:22:20', 2, 3, 1),
(27, 'Активний відпочинок по Європі для кожного - 27', 'diving_27', 2484, 15, 2057, 1, 0, 'Активний відпочинок, рекреація (англ. Active leisure) — спосіб проведення вільного часу, різновид хобі, в процесі якого відпочивальник займається активними видами відпочинку, що потребують активної фізичної роботи організму, роботи м`язів, всього тіла.', 'Активний відпочинок, рекреація (англ. Active leisure) — спосіб проведення вільного часу, різновид хобі, в процесі якого відпочивальник займається активними видами відпочинку, що потребують активної фізичної роботи організму, роботи м`язів, всього тіла.', 'diving3.jpg', 4.80, 1, 1, '2020-07-02 09:22:21', '2020-07-02 09:22:21', 2, 2, 1),
(28, 'Активний відпочинок по Європі для кожного - 28', 'diving_28', 3623, 15, 3428, 1, 0, 'Активний відпочинок, рекреація (англ. Active leisure) — спосіб проведення вільного часу, різновид хобі, в процесі якого відпочивальник займається активними видами відпочинку, що потребують активної фізичної роботи організму, роботи м`язів, всього тіла.', 'Активний відпочинок, рекреація (англ. Active leisure) — спосіб проведення вільного часу, різновид хобі, в процесі якого відпочивальник займається активними видами відпочинку, що потребують активної фізичної роботи організму, роботи м`язів, всього тіла.', 'diving6.jpg', 4.80, 1, 1, '2020-07-02 09:22:21', '2020-07-02 09:22:21', 4, 1, 1),
(29, 'Активний відпочинок по Європі для кожного - 29', 'diving_29', 3447, 15, 2910, 1, 0, 'Активний відпочинок, рекреація (англ. Active leisure) — спосіб проведення вільного часу, різновид хобі, в процесі якого відпочивальник займається активними видами відпочинку, що потребують активної фізичної роботи організму, роботи м`язів, всього тіла.', 'Активний відпочинок, рекреація (англ. Active leisure) — спосіб проведення вільного часу, різновид хобі, в процесі якого відпочивальник займається активними видами відпочинку, що потребують активної фізичної роботи організму, роботи м`язів, всього тіла.', 'diving6.jpg', 4.80, 1, 1, '2020-07-02 09:22:21', '2020-07-02 09:22:21', 3, 2, 1),
(30, 'Активний відпочинок по Європі для кожного - 30', 'diving_30', 2394, 15, 1327, 1, 0, 'Активний відпочинок, рекреація (англ. Active leisure) — спосіб проведення вільного часу, різновид хобі, в процесі якого відпочивальник займається активними видами відпочинку, що потребують активної фізичної роботи організму, роботи м`язів, всього тіла.', 'Активний відпочинок, рекреація (англ. Active leisure) — спосіб проведення вільного часу, різновид хобі, в процесі якого відпочивальник займається активними видами відпочинку, що потребують активної фізичної роботи організму, роботи м`язів, всього тіла.', 'diving2.jpg', 4.80, 1, 1, '2020-07-02 09:22:21', '2020-07-02 09:22:21', 5, 2, 1),
(31, 'Активний відпочинок по Європі для кожного - 31', 'diving_31', 3185, 15, 3030, 1, 0, 'Активний відпочинок, рекреація (англ. Active leisure) — спосіб проведення вільного часу, різновид хобі, в процесі якого відпочивальник займається активними видами відпочинку, що потребують активної фізичної роботи організму, роботи м`язів, всього тіла.', 'Активний відпочинок, рекреація (англ. Active leisure) — спосіб проведення вільного часу, різновид хобі, в процесі якого відпочивальник займається активними видами відпочинку, що потребують активної фізичної роботи організму, роботи м`язів, всього тіла.', 'diving6.jpg', 4.80, 1, 1, '2020-07-02 09:22:21', '2020-07-02 09:22:21', 2, 2, 1),
(32, 'Активний відпочинок по Європі для кожного - 32', 'diving_32', 4502, 15, 1928, 1, 0, 'Активний відпочинок, рекреація (англ. Active leisure) — спосіб проведення вільного часу, різновид хобі, в процесі якого відпочивальник займається активними видами відпочинку, що потребують активної фізичної роботи організму, роботи м`язів, всього тіла.', 'Активний відпочинок, рекреація (англ. Active leisure) — спосіб проведення вільного часу, різновид хобі, в процесі якого відпочивальник займається активними видами відпочинку, що потребують активної фізичної роботи організму, роботи м`язів, всього тіла.', 'diving5.jpg', 4.80, 1, 1, '2020-07-02 09:22:21', '2020-07-02 09:22:21', 1, 3, 1),
(33, 'Активний відпочинок по Європі для кожного - 33', 'diving_33', 2005, 15, 3397, 1, 0, 'Активний відпочинок, рекреація (англ. Active leisure) — спосіб проведення вільного часу, різновид хобі, в процесі якого відпочивальник займається активними видами відпочинку, що потребують активної фізичної роботи організму, роботи м`язів, всього тіла.', 'Активний відпочинок, рекреація (англ. Active leisure) — спосіб проведення вільного часу, різновид хобі, в процесі якого відпочивальник займається активними видами відпочинку, що потребують активної фізичної роботи організму, роботи м`язів, всього тіла.', 'diving3.jpg', 4.80, 1, 1, '2020-07-02 09:22:21', '2020-07-02 09:22:21', 5, 1, 1),
(34, 'Активний відпочинок по Європі для кожного - 34', 'diving_34', 3253, 15, 2524, 1, 0, 'Активний відпочинок, рекреація (англ. Active leisure) — спосіб проведення вільного часу, різновид хобі, в процесі якого відпочивальник займається активними видами відпочинку, що потребують активної фізичної роботи організму, роботи м`язів, всього тіла.', 'Активний відпочинок, рекреація (англ. Active leisure) — спосіб проведення вільного часу, різновид хобі, в процесі якого відпочивальник займається активними видами відпочинку, що потребують активної фізичної роботи організму, роботи м`язів, всього тіла.', 'diving4.jpg', 4.80, 1, 1, '2020-07-02 09:22:21', '2020-07-02 09:22:21', 1, 1, 1),
(35, 'Активний відпочинок по Європі для кожного - 35', 'diving_35', 4169, 15, 3278, 1, 0, 'Активний відпочинок, рекреація (англ. Active leisure) — спосіб проведення вільного часу, різновид хобі, в процесі якого відпочивальник займається активними видами відпочинку, що потребують активної фізичної роботи організму, роботи м`язів, всього тіла.', 'Активний відпочинок, рекреація (англ. Active leisure) — спосіб проведення вільного часу, різновид хобі, в процесі якого відпочивальник займається активними видами відпочинку, що потребують активної фізичної роботи організму, роботи м`язів, всього тіла.', 'diving1.jpg', 4.80, 1, 1, '2020-07-02 09:22:21', '2020-07-02 09:22:21', 3, 2, 1),
(36, 'Активний відпочинок по Європі для кожного - 36', 'diving_36', 2100, 15, 1939, 1, 0, 'Активний відпочинок, рекреація (англ. Active leisure) — спосіб проведення вільного часу, різновид хобі, в процесі якого відпочивальник займається активними видами відпочинку, що потребують активної фізичної роботи організму, роботи м`язів, всього тіла.', 'Активний відпочинок, рекреація (англ. Active leisure) — спосіб проведення вільного часу, різновид хобі, в процесі якого відпочивальник займається активними видами відпочинку, що потребують активної фізичної роботи організму, роботи м`язів, всього тіла.', 'diving4.jpg', 4.80, 1, 1, '2020-07-02 09:22:21', '2020-07-02 09:22:21', 2, 2, 1),
(37, 'Активний відпочинок по Європі для кожного - 37', 'diving_37', 1599, 15, 4400, 1, 0, 'Активний відпочинок, рекреація (англ. Active leisure) — спосіб проведення вільного часу, різновид хобі, в процесі якого відпочивальник займається активними видами відпочинку, що потребують активної фізичної роботи організму, роботи м`язів, всього тіла.', 'Активний відпочинок, рекреація (англ. Active leisure) — спосіб проведення вільного часу, різновид хобі, в процесі якого відпочивальник займається активними видами відпочинку, що потребують активної фізичної роботи організму, роботи м`язів, всього тіла.', 'diving5.jpg', 4.80, 1, 1, '2020-07-02 09:22:21', '2020-07-02 09:22:21', 1, 1, 1),
(38, 'Активний відпочинок по Європі для кожного - 38', 'diving_38', 4687, 15, 1984, 1, 0, 'Активний відпочинок, рекреація (англ. Active leisure) — спосіб проведення вільного часу, різновид хобі, в процесі якого відпочивальник займається активними видами відпочинку, що потребують активної фізичної роботи організму, роботи м`язів, всього тіла.', 'Активний відпочинок, рекреація (англ. Active leisure) — спосіб проведення вільного часу, різновид хобі, в процесі якого відпочивальник займається активними видами відпочинку, що потребують активної фізичної роботи організму, роботи м`язів, всього тіла.', 'diving5.jpg', 4.80, 1, 1, '2020-07-02 09:22:21', '2020-07-02 09:22:21', 4, 2, 1),
(39, 'Активний відпочинок по Європі для кожного - 39', 'diving_39', 3645, 15, 2984, 1, 0, 'Активний відпочинок, рекреація (англ. Active leisure) — спосіб проведення вільного часу, різновид хобі, в процесі якого відпочивальник займається активними видами відпочинку, що потребують активної фізичної роботи організму, роботи м`язів, всього тіла.', 'Активний відпочинок, рекреація (англ. Active leisure) — спосіб проведення вільного часу, різновид хобі, в процесі якого відпочивальник займається активними видами відпочинку, що потребують активної фізичної роботи організму, роботи м`язів, всього тіла.', 'diving4.jpg', 4.80, 1, 1, '2020-07-02 09:22:21', '2020-07-02 09:22:21', 4, 2, 1),
(40, 'Активний відпочинок по Європі для кожного - 40', 'diving_40', 1677, 15, 4073, 1, 0, 'Активний відпочинок, рекреація (англ. Active leisure) — спосіб проведення вільного часу, різновид хобі, в процесі якого відпочивальник займається активними видами відпочинку, що потребують активної фізичної роботи організму, роботи м`язів, всього тіла.', 'Активний відпочинок, рекреація (англ. Active leisure) — спосіб проведення вільного часу, різновид хобі, в процесі якого відпочивальник займається активними видами відпочинку, що потребують активної фізичної роботи організму, роботи м`язів, всього тіла.', 'diving1.jpg', 4.80, 1, 1, '2020-07-02 09:22:21', '2020-07-02 09:22:21', 1, 2, 1),
(41, 'Активний відпочинок по Європі для кожного - 41', 'diving_41', 3925, 15, 2815, 1, 0, 'Активний відпочинок, рекреація (англ. Active leisure) — спосіб проведення вільного часу, різновид хобі, в процесі якого відпочивальник займається активними видами відпочинку, що потребують активної фізичної роботи організму, роботи м`язів, всього тіла.', 'Активний відпочинок, рекреація (англ. Active leisure) — спосіб проведення вільного часу, різновид хобі, в процесі якого відпочивальник займається активними видами відпочинку, що потребують активної фізичної роботи організму, роботи м`язів, всього тіла.', 'diving1.jpg', 4.80, 1, 1, '2020-07-02 09:22:21', '2020-07-02 09:22:21', 2, 3, 1),
(42, 'Активний відпочинок по Європі для кожного - 42', 'diving_42', 3835, 15, 3142, 1, 0, 'Активний відпочинок, рекреація (англ. Active leisure) — спосіб проведення вільного часу, різновид хобі, в процесі якого відпочивальник займається активними видами відпочинку, що потребують активної фізичної роботи організму, роботи м`язів, всього тіла.', 'Активний відпочинок, рекреація (англ. Active leisure) — спосіб проведення вільного часу, різновид хобі, в процесі якого відпочивальник займається активними видами відпочинку, що потребують активної фізичної роботи організму, роботи м`язів, всього тіла.', 'diving6.jpg', 4.80, 1, 1, '2020-07-02 09:22:21', '2020-07-02 09:22:21', 5, 1, 1),
(43, 'Активний відпочинок по Європі для кожного - 43', 'diving_43', 2067, 15, 1553, 1, 0, 'Активний відпочинок, рекреація (англ. Active leisure) — спосіб проведення вільного часу, різновид хобі, в процесі якого відпочивальник займається активними видами відпочинку, що потребують активної фізичної роботи організму, роботи м`язів, всього тіла.', 'Активний відпочинок, рекреація (англ. Active leisure) — спосіб проведення вільного часу, різновид хобі, в процесі якого відпочивальник займається активними видами відпочинку, що потребують активної фізичної роботи організму, роботи м`язів, всього тіла.', 'diving6.jpg', 4.80, 1, 1, '2020-07-02 09:22:22', '2020-07-02 09:22:22', 5, 1, 1),
(44, 'Активний відпочинок по Європі для кожного - 44', 'diving_44', 2280, 15, 3074, 1, 0, 'Активний відпочинок, рекреація (англ. Active leisure) — спосіб проведення вільного часу, різновид хобі, в процесі якого відпочивальник займається активними видами відпочинку, що потребують активної фізичної роботи організму, роботи м`язів, всього тіла.', 'Активний відпочинок, рекреація (англ. Active leisure) — спосіб проведення вільного часу, різновид хобі, в процесі якого відпочивальник займається активними видами відпочинку, що потребують активної фізичної роботи організму, роботи м`язів, всього тіла.', 'diving3.jpg', 4.80, 1, 1, '2020-07-02 09:22:22', '2020-07-02 09:22:22', 1, 1, 1),
(45, 'Активний відпочинок по Європі для кожного - 45', 'diving_45', 3238, 15, 1238, 1, 0, 'Активний відпочинок, рекреація (англ. Active leisure) — спосіб проведення вільного часу, різновид хобі, в процесі якого відпочивальник займається активними видами відпочинку, що потребують активної фізичної роботи організму, роботи м`язів, всього тіла.', 'Активний відпочинок, рекреація (англ. Active leisure) — спосіб проведення вільного часу, різновид хобі, в процесі якого відпочивальник займається активними видами відпочинку, що потребують активної фізичної роботи організму, роботи м`язів, всього тіла.', 'diving5.jpg', 4.80, 1, 1, '2020-07-02 09:22:22', '2020-07-02 09:22:22', 6, 1, 1),
(46, 'Активний відпочинок по Європі для кожного - 46', 'diving_46', 2160, 15, 3040, 1, 0, 'Активний відпочинок, рекреація (англ. Active leisure) — спосіб проведення вільного часу, різновид хобі, в процесі якого відпочивальник займається активними видами відпочинку, що потребують активної фізичної роботи організму, роботи м`язів, всього тіла.', 'Активний відпочинок, рекреація (англ. Active leisure) — спосіб проведення вільного часу, різновид хобі, в процесі якого відпочивальник займається активними видами відпочинку, що потребують активної фізичної роботи організму, роботи м`язів, всього тіла.', 'diving3.jpg', 4.80, 1, 1, '2020-07-02 09:22:22', '2020-07-02 09:22:22', 5, 2, 1),
(47, 'Активний відпочинок по Європі для кожного - 47', 'diving_47', 3737, 15, 3247, 1, 0, 'Активний відпочинок, рекреація (англ. Active leisure) — спосіб проведення вільного часу, різновид хобі, в процесі якого відпочивальник займається активними видами відпочинку, що потребують активної фізичної роботи організму, роботи м`язів, всього тіла.', 'Активний відпочинок, рекреація (англ. Active leisure) — спосіб проведення вільного часу, різновид хобі, в процесі якого відпочивальник займається активними видами відпочинку, що потребують активної фізичної роботи організму, роботи м`язів, всього тіла.', 'diving6.jpg', 4.80, 1, 1, '2020-07-02 09:22:22', '2020-07-02 09:22:22', 5, 1, 1),
(48, 'Активний відпочинок по Європі для кожного - 48', 'diving_48', 3059, 15, 1918, 1, 0, 'Активний відпочинок, рекреація (англ. Active leisure) — спосіб проведення вільного часу, різновид хобі, в процесі якого відпочивальник займається активними видами відпочинку, що потребують активної фізичної роботи організму, роботи м`язів, всього тіла.', 'Активний відпочинок, рекреація (англ. Active leisure) — спосіб проведення вільного часу, різновид хобі, в процесі якого відпочивальник займається активними видами відпочинку, що потребують активної фізичної роботи організму, роботи м`язів, всього тіла.', 'diving3.jpg', 4.80, 1, 1, '2020-07-02 09:22:22', '2020-07-02 09:22:22', 1, 3, 1),
(49, 'Активний відпочинок по Європі для кожного - 49', 'diving_49', 3656, 15, 4499, 1, 0, 'Активний відпочинок, рекреація (англ. Active leisure) — спосіб проведення вільного часу, різновид хобі, в процесі якого відпочивальник займається активними видами відпочинку, що потребують активної фізичної роботи організму, роботи м`язів, всього тіла.', 'Активний відпочинок, рекреація (англ. Active leisure) — спосіб проведення вільного часу, різновид хобі, в процесі якого відпочивальник займається активними видами відпочинку, що потребують активної фізичної роботи організму, роботи м`язів, всього тіла.', 'diving3.jpg', 4.80, 1, 1, '2020-07-02 09:22:22', '2020-07-02 09:22:22', 1, 2, 1),
(50, 'Активний відпочинок по Європі для кожного - 50', 'diving_50', 1876, 15, 1290, 1, 0, 'Активний відпочинок, рекреація (англ. Active leisure) — спосіб проведення вільного часу, різновид хобі, в процесі якого відпочивальник займається активними видами відпочинку, що потребують активної фізичної роботи організму, роботи м`язів, всього тіла.', 'Активний відпочинок, рекреація (англ. Active leisure) — спосіб проведення вільного часу, різновид хобі, в процесі якого відпочивальник займається активними видами відпочинку, що потребують активної фізичної роботи організму, роботи м`язів, всього тіла.', 'diving6.jpg', 4.80, 1, 1, '2020-07-02 09:22:22', '2020-07-02 09:22:22', 3, 3, 1);

-- --------------------------------------------------------

--
-- Структура таблиці `tour_icons`
--

CREATE TABLE `tour_icons` (
  `id` int(10) UNSIGNED NOT NULL,
  `tour_id` int(10) UNSIGNED NOT NULL DEFAULT '1',
  `icon_id` int(10) UNSIGNED NOT NULL DEFAULT '1',
  `created_at` timestamp NULL DEFAULT NULL,
  `updated_at` timestamp NULL DEFAULT NULL
) ENGINE=InnoDB DEFAULT CHARSET=utf8mb4 COLLATE=utf8mb4_unicode_ci;

--
-- Дамп даних таблиці `tour_icons`
--

INSERT INTO `tour_icons` (`id`, `tour_id`, `icon_id`, `created_at`, `updated_at`) VALUES
(1, 45, 6, '2020-07-02 09:22:29', '2020-07-02 09:22:29'),
(2, 17, 1, '2020-07-02 09:22:29', '2020-07-02 09:22:29'),
(3, 3, 10, '2020-07-02 09:22:29', '2020-07-02 09:22:29'),
(4, 21, 12, '2020-07-02 09:22:29', '2020-07-02 09:22:29'),
(5, 41, 3, '2020-07-02 09:22:29', '2020-07-02 09:22:29'),
(6, 8, 5, '2020-07-02 09:22:29', '2020-07-02 09:22:29'),
(7, 43, 3, '2020-07-02 09:22:30', '2020-07-02 09:22:30'),
(8, 15, 11, '2020-07-02 09:22:30', '2020-07-02 09:22:30'),
(9, 21, 12, '2020-07-02 09:22:30', '2020-07-02 09:22:30'),
(10, 36, 6, '2020-07-02 09:22:30', '2020-07-02 09:22:30'),
(11, 45, 11, '2020-07-02 09:22:30', '2020-07-02 09:22:30'),
(12, 8, 1, '2020-07-02 09:22:30', '2020-07-02 09:22:30'),
(13, 40, 1, '2020-07-02 09:22:30', '2020-07-02 09:22:30'),
(14, 10, 9, '2020-07-02 09:22:30', '2020-07-02 09:22:30'),
(15, 10, 8, '2020-07-02 09:22:30', '2020-07-02 09:22:30'),
(16, 45, 5, '2020-07-02 09:22:30', '2020-07-02 09:22:30'),
(17, 15, 8, '2020-07-02 09:22:30', '2020-07-02 09:22:30'),
(18, 16, 11, '2020-07-02 09:22:30', '2020-07-02 09:22:30'),
(19, 41, 5, '2020-07-02 09:22:30', '2020-07-02 09:22:30'),
(20, 33, 7, '2020-07-02 09:22:30', '2020-07-02 09:22:30'),
(21, 34, 8, '2020-07-02 09:22:30', '2020-07-02 09:22:30'),
(22, 32, 12, '2020-07-02 09:22:30', '2020-07-02 09:22:30'),
(23, 38, 9, '2020-07-02 09:22:30', '2020-07-02 09:22:30'),
(24, 25, 10, '2020-07-02 09:22:30', '2020-07-02 09:22:30'),
(25, 16, 4, '2020-07-02 09:22:31', '2020-07-02 09:22:31'),
(26, 45, 4, '2020-07-02 09:22:31', '2020-07-02 09:22:31'),
(27, 33, 2, '2020-07-02 09:22:31', '2020-07-02 09:22:31'),
(28, 36, 1, '2020-07-02 09:22:31', '2020-07-02 09:22:31'),
(29, 45, 10, '2020-07-02 09:22:31', '2020-07-02 09:22:31'),
(30, 4, 3, '2020-07-02 09:22:31', '2020-07-02 09:22:31'),
(31, 30, 9, '2020-07-02 09:22:31', '2020-07-02 09:22:31'),
(32, 27, 6, '2020-07-02 09:22:31', '2020-07-02 09:22:31'),
(33, 14, 10, '2020-07-02 09:22:31', '2020-07-02 09:22:31'),
(34, 9, 2, '2020-07-02 09:22:31', '2020-07-02 09:22:31'),
(35, 43, 1, '2020-07-02 09:22:31', '2020-07-02 09:22:31'),
(36, 30, 7, '2020-07-02 09:22:31', '2020-07-02 09:22:31'),
(37, 10, 11, '2020-07-02 09:22:31', '2020-07-02 09:22:31'),
(38, 23, 11, '2020-07-02 09:22:31', '2020-07-02 09:22:31'),
(39, 46, 3, '2020-07-02 09:22:31', '2020-07-02 09:22:31'),
(40, 19, 7, '2020-07-02 09:22:32', '2020-07-02 09:22:32'),
(41, 41, 5, '2020-07-02 09:22:32', '2020-07-02 09:22:32'),
(42, 39, 5, '2020-07-02 09:22:32', '2020-07-02 09:22:32'),
(43, 32, 12, '2020-07-02 09:22:32', '2020-07-02 09:22:32'),
(44, 49, 5, '2020-07-02 09:22:32', '2020-07-02 09:22:32'),
(45, 6, 2, '2020-07-02 09:22:32', '2020-07-02 09:22:32'),
(46, 26, 9, '2020-07-02 09:22:32', '2020-07-02 09:22:32'),
(47, 45, 2, '2020-07-02 09:22:32', '2020-07-02 09:22:32'),
(48, 16, 9, '2020-07-02 09:22:32', '2020-07-02 09:22:32'),
(49, 18, 10, '2020-07-02 09:22:32', '2020-07-02 09:22:32'),
(50, 31, 2, '2020-07-02 09:22:32', '2020-07-02 09:22:32'),
(51, 6, 10, '2020-07-02 09:22:32', '2020-07-02 09:22:32'),
(52, 19, 7, '2020-07-02 09:22:32', '2020-07-02 09:22:32'),
(53, 26, 12, '2020-07-02 09:22:32', '2020-07-02 09:22:32'),
(54, 16, 6, '2020-07-02 09:22:33', '2020-07-02 09:22:33'),
(55, 18, 10, '2020-07-02 09:22:33', '2020-07-02 09:22:33'),
(56, 32, 10, '2020-07-02 09:22:33', '2020-07-02 09:22:33'),
(57, 48, 9, '2020-07-02 09:22:33', '2020-07-02 09:22:33'),
(58, 37, 10, '2020-07-02 09:22:33', '2020-07-02 09:22:33'),
(59, 17, 6, '2020-07-02 09:22:33', '2020-07-02 09:22:33'),
(60, 23, 6, '2020-07-02 09:22:33', '2020-07-02 09:22:33'),
(61, 3, 8, '2020-07-02 09:22:33', '2020-07-02 09:22:33'),
(62, 38, 10, '2020-07-02 09:22:33', '2020-07-02 09:22:33'),
(63, 43, 1, '2020-07-02 09:22:33', '2020-07-02 09:22:33'),
(64, 38, 8, '2020-07-02 09:22:33', '2020-07-02 09:22:33'),
(65, 32, 11, '2020-07-02 09:22:33', '2020-07-02 09:22:33'),
(66, 20, 1, '2020-07-02 09:22:33', '2020-07-02 09:22:33'),
(67, 11, 8, '2020-07-02 09:22:33', '2020-07-02 09:22:33'),
(68, 42, 6, '2020-07-02 09:22:34', '2020-07-02 09:22:34'),
(69, 30, 7, '2020-07-02 09:22:34', '2020-07-02 09:22:34'),
(70, 41, 2, '2020-07-02 09:22:34', '2020-07-02 09:22:34'),
(71, 12, 10, '2020-07-02 09:22:34', '2020-07-02 09:22:34'),
(72, 12, 5, '2020-07-02 09:22:34', '2020-07-02 09:22:34'),
(73, 49, 12, '2020-07-02 09:22:34', '2020-07-02 09:22:34'),
(74, 50, 8, '2020-07-02 09:22:34', '2020-07-02 09:22:34'),
(75, 10, 8, '2020-07-02 09:22:34', '2020-07-02 09:22:34'),
(76, 10, 3, '2020-07-02 09:22:34', '2020-07-02 09:22:34'),
(77, 22, 11, '2020-07-02 09:22:34', '2020-07-02 09:22:34'),
(78, 29, 3, '2020-07-02 09:22:34', '2020-07-02 09:22:34'),
(79, 20, 7, '2020-07-02 09:22:34', '2020-07-02 09:22:34'),
(80, 45, 3, '2020-07-02 09:22:35', '2020-07-02 09:22:35'),
(81, 49, 1, '2020-07-02 09:22:35', '2020-07-02 09:22:35'),
(82, 46, 9, '2020-07-02 09:22:35', '2020-07-02 09:22:35'),
(83, 32, 4, '2020-07-02 09:22:35', '2020-07-02 09:22:35'),
(84, 16, 4, '2020-07-02 09:22:35', '2020-07-02 09:22:35'),
(85, 5, 2, '2020-07-02 09:22:35', '2020-07-02 09:22:35'),
(86, 31, 10, '2020-07-02 09:22:35', '2020-07-02 09:22:35'),
(87, 23, 3, '2020-07-02 09:22:35', '2020-07-02 09:22:35'),
(88, 11, 2, '2020-07-02 09:22:35', '2020-07-02 09:22:35'),
(89, 31, 4, '2020-07-02 09:22:35', '2020-07-02 09:22:35'),
(90, 22, 8, '2020-07-02 09:22:35', '2020-07-02 09:22:35'),
(91, 37, 4, '2020-07-02 09:22:35', '2020-07-02 09:22:35'),
(92, 21, 9, '2020-07-02 09:22:35', '2020-07-02 09:22:35'),
(93, 7, 8, '2020-07-02 09:22:36', '2020-07-02 09:22:36'),
(94, 40, 1, '2020-07-02 09:22:36', '2020-07-02 09:22:36'),
(95, 27, 8, '2020-07-02 09:22:36', '2020-07-02 09:22:36'),
(96, 18, 10, '2020-07-02 09:22:36', '2020-07-02 09:22:36'),
(97, 15, 8, '2020-07-02 09:22:36', '2020-07-02 09:22:36'),
(98, 16, 1, '2020-07-02 09:22:36', '2020-07-02 09:22:36'),
(99, 24, 2, '2020-07-02 09:22:36', '2020-07-02 09:22:36'),
(100, 26, 7, '2020-07-02 09:22:36', '2020-07-02 09:22:36'),
(101, 6, 12, '2020-07-02 09:22:36', '2020-07-02 09:22:36'),
(102, 5, 4, '2020-07-02 09:22:37', '2020-07-02 09:22:37'),
(103, 23, 5, '2020-07-02 09:22:37', '2020-07-02 09:22:37'),
(104, 30, 5, '2020-07-02 09:22:37', '2020-07-02 09:22:37'),
(105, 22, 2, '2020-07-02 09:22:37', '2020-07-02 09:22:37'),
(106, 36, 1, '2020-07-02 09:22:37', '2020-07-02 09:22:37'),
(107, 46, 5, '2020-07-02 09:22:37', '2020-07-02 09:22:37'),
(108, 14, 4, '2020-07-02 09:22:37', '2020-07-02 09:22:37'),
(109, 3, 9, '2020-07-02 09:22:37', '2020-07-02 09:22:37'),
(110, 27, 10, '2020-07-02 09:22:37', '2020-07-02 09:22:37'),
(111, 14, 10, '2020-07-02 09:22:37', '2020-07-02 09:22:37'),
(112, 41, 11, '2020-07-02 09:22:37', '2020-07-02 09:22:37'),
(113, 25, 11, '2020-07-02 09:22:37', '2020-07-02 09:22:37'),
(114, 41, 12, '2020-07-02 09:22:37', '2020-07-02 09:22:37'),
(115, 5, 10, '2020-07-02 09:22:37', '2020-07-02 09:22:37'),
(116, 24, 2, '2020-07-02 09:22:37', '2020-07-02 09:22:37'),
(117, 10, 10, '2020-07-02 09:22:37', '2020-07-02 09:22:37'),
(118, 5, 9, '2020-07-02 09:22:37', '2020-07-02 09:22:37'),
(119, 4, 5, '2020-07-02 09:22:37', '2020-07-02 09:22:37'),
(120, 50, 11, '2020-07-02 09:22:37', '2020-07-02 09:22:37'),
(121, 3, 1, '2020-07-02 09:22:38', '2020-07-02 09:22:38'),
(122, 22, 1, '2020-07-02 09:22:38', '2020-07-02 09:22:38'),
(123, 13, 9, '2020-07-02 09:22:38', '2020-07-02 09:22:38'),
(124, 10, 2, '2020-07-02 09:22:38', '2020-07-02 09:22:38'),
(125, 47, 1, '2020-07-02 09:22:38', '2020-07-02 09:22:38'),
(126, 27, 10, '2020-07-02 09:22:38', '2020-07-02 09:22:38'),
(127, 38, 4, '2020-07-02 09:22:38', '2020-07-02 09:22:38'),
(128, 20, 2, '2020-07-02 09:22:38', '2020-07-02 09:22:38'),
(129, 33, 12, '2020-07-02 09:22:38', '2020-07-02 09:22:38'),
(130, 39, 9, '2020-07-02 09:22:38', '2020-07-02 09:22:38'),
(131, 11, 7, '2020-07-02 09:22:38', '2020-07-02 09:22:38'),
(132, 12, 9, '2020-07-02 09:22:38', '2020-07-02 09:22:38'),
(133, 45, 3, '2020-07-02 09:22:38', '2020-07-02 09:22:38'),
(134, 22, 4, '2020-07-02 09:22:38', '2020-07-02 09:22:38'),
(135, 45, 5, '2020-07-02 09:22:38', '2020-07-02 09:22:38'),
(136, 35, 11, '2020-07-02 09:22:38', '2020-07-02 09:22:38'),
(137, 4, 11, '2020-07-02 09:22:38', '2020-07-02 09:22:38'),
(138, 17, 6, '2020-07-02 09:22:38', '2020-07-02 09:22:38'),
(139, 11, 10, '2020-07-02 09:22:38', '2020-07-02 09:22:38'),
(140, 7, 5, '2020-07-02 09:22:39', '2020-07-02 09:22:39'),
(141, 25, 2, '2020-07-02 09:22:39', '2020-07-02 09:22:39'),
(142, 2, 8, '2020-07-02 09:22:39', '2020-07-02 09:22:39'),
(143, 7, 1, '2020-07-02 09:22:39', '2020-07-02 09:22:39'),
(144, 11, 9, '2020-07-02 09:22:39', '2020-07-02 09:22:39'),
(145, 22, 8, '2020-07-02 09:22:39', '2020-07-02 09:22:39'),
(146, 50, 3, '2020-07-02 09:22:39', '2020-07-02 09:22:39'),
(147, 42, 9, '2020-07-02 09:22:39', '2020-07-02 09:22:39'),
(148, 37, 10, '2020-07-02 09:22:39', '2020-07-02 09:22:39'),
(149, 20, 1, '2020-07-02 09:22:39', '2020-07-02 09:22:39'),
(150, 6, 3, '2020-07-02 09:22:39', '2020-07-02 09:22:39'),
(151, 30, 5, '2020-07-02 09:22:39', '2020-07-02 09:22:39'),
(152, 45, 4, '2020-07-02 09:22:39', '2020-07-02 09:22:39'),
(153, 23, 11, '2020-07-02 09:22:39', '2020-07-02 09:22:39'),
(154, 47, 6, '2020-07-02 09:22:40', '2020-07-02 09:22:40'),
(155, 1, 1, '2020-07-02 09:22:40', '2020-07-02 09:22:40'),
(156, 37, 5, '2020-07-02 09:22:40', '2020-07-02 09:22:40'),
(157, 34, 7, '2020-07-02 09:22:40', '2020-07-02 09:22:40'),
(158, 33, 10, '2020-07-02 09:22:40', '2020-07-02 09:22:40'),
(159, 37, 6, '2020-07-02 09:22:40', '2020-07-02 09:22:40'),
(160, 44, 8, '2020-07-02 09:22:40', '2020-07-02 09:22:40'),
(161, 15, 9, '2020-07-02 09:22:40', '2020-07-02 09:22:40'),
(162, 41, 9, '2020-07-02 09:22:40', '2020-07-02 09:22:40'),
(163, 40, 8, '2020-07-02 09:22:40', '2020-07-02 09:22:40'),
(164, 4, 5, '2020-07-02 09:22:40', '2020-07-02 09:22:40'),
(165, 47, 5, '2020-07-02 09:22:41', '2020-07-02 09:22:41'),
(166, 31, 5, '2020-07-02 09:22:41', '2020-07-02 09:22:41'),
(167, 14, 12, '2020-07-02 09:22:41', '2020-07-02 09:22:41'),
(168, 2, 3, '2020-07-02 09:22:41', '2020-07-02 09:22:41'),
(169, 11, 2, '2020-07-02 09:22:41', '2020-07-02 09:22:41'),
(170, 40, 6, '2020-07-02 09:22:41', '2020-07-02 09:22:41'),
(171, 23, 11, '2020-07-02 09:22:41', '2020-07-02 09:22:41'),
(172, 32, 9, '2020-07-02 09:22:41', '2020-07-02 09:22:41'),
(173, 50, 6, '2020-07-02 09:22:41', '2020-07-02 09:22:41'),
(174, 14, 7, '2020-07-02 09:22:41', '2020-07-02 09:22:41'),
(175, 22, 9, '2020-07-02 09:22:41', '2020-07-02 09:22:41'),
(176, 38, 10, '2020-07-02 09:22:41', '2020-07-02 09:22:41'),
(177, 9, 6, '2020-07-02 09:22:41', '2020-07-02 09:22:41'),
(178, 40, 12, '2020-07-02 09:22:41', '2020-07-02 09:22:41'),
(179, 43, 2, '2020-07-02 09:22:41', '2020-07-02 09:22:41'),
(180, 40, 1, '2020-07-02 09:22:41', '2020-07-02 09:22:41'),
(181, 7, 10, '2020-07-02 09:22:41', '2020-07-02 09:22:41'),
(182, 7, 6, '2020-07-02 09:22:41', '2020-07-02 09:22:41'),
(183, 31, 3, '2020-07-02 09:22:41', '2020-07-02 09:22:41'),
(184, 15, 2, '2020-07-02 09:22:41', '2020-07-02 09:22:41'),
(185, 22, 7, '2020-07-02 09:22:42', '2020-07-02 09:22:42'),
(186, 40, 12, '2020-07-02 09:22:42', '2020-07-02 09:22:42'),
(187, 6, 6, '2020-07-02 09:22:42', '2020-07-02 09:22:42'),
(188, 33, 7, '2020-07-02 09:22:42', '2020-07-02 09:22:42'),
(189, 26, 11, '2020-07-02 09:22:42', '2020-07-02 09:22:42'),
(190, 10, 3, '2020-07-02 09:22:42', '2020-07-02 09:22:42'),
(191, 47, 3, '2020-07-02 09:22:42', '2020-07-02 09:22:42'),
(192, 5, 2, '2020-07-02 09:22:42', '2020-07-02 09:22:42'),
(193, 42, 1, '2020-07-02 09:22:42', '2020-07-02 09:22:42'),
(194, 46, 4, '2020-07-02 09:22:42', '2020-07-02 09:22:42'),
(195, 34, 3, '2020-07-02 09:22:42', '2020-07-02 09:22:42'),
(196, 30, 4, '2020-07-02 09:22:42', '2020-07-02 09:22:42'),
(197, 39, 8, '2020-07-02 09:22:42', '2020-07-02 09:22:42'),
(198, 25, 7, '2020-07-02 09:22:42', '2020-07-02 09:22:42'),
(199, 8, 9, '2020-07-02 09:22:42', '2020-07-02 09:22:42'),
(200, 6, 7, '2020-07-02 09:22:42', '2020-07-02 09:22:42'),
(201, 3, 12, '2020-07-02 09:22:42', '2020-07-02 09:22:42'),
(202, 43, 11, '2020-07-02 09:22:42', '2020-07-02 09:22:42'),
(203, 38, 5, '2020-07-02 09:22:43', '2020-07-02 09:22:43'),
(204, 6, 5, '2020-07-02 09:22:43', '2020-07-02 09:22:43'),
(205, 41, 5, '2020-07-02 09:22:43', '2020-07-02 09:22:43'),
(206, 4, 5, '2020-07-02 09:22:43', '2020-07-02 09:22:43'),
(207, 17, 11, '2020-07-02 09:22:43', '2020-07-02 09:22:43'),
(208, 3, 6, '2020-07-02 09:22:43', '2020-07-02 09:22:43'),
(209, 8, 12, '2020-07-02 09:22:43', '2020-07-02 09:22:43'),
(210, 12, 10, '2020-07-02 09:22:43', '2020-07-02 09:22:43'),
(211, 44, 11, '2020-07-02 09:22:43', '2020-07-02 09:22:43'),
(212, 31, 11, '2020-07-02 09:22:43', '2020-07-02 09:22:43'),
(213, 12, 6, '2020-07-02 09:22:43', '2020-07-02 09:22:43'),
(214, 39, 1, '2020-07-02 09:22:43', '2020-07-02 09:22:43'),
(215, 40, 3, '2020-07-02 09:22:43', '2020-07-02 09:22:43'),
(216, 34, 6, '2020-07-02 09:22:43', '2020-07-02 09:22:43'),
(217, 50, 2, '2020-07-02 09:22:43', '2020-07-02 09:22:43'),
(218, 20, 4, '2020-07-02 09:22:43', '2020-07-02 09:22:43'),
(219, 45, 4, '2020-07-02 09:22:43', '2020-07-02 09:22:43'),
(220, 25, 2, '2020-07-02 09:22:43', '2020-07-02 09:22:43'),
(221, 24, 6, '2020-07-02 09:22:43', '2020-07-02 09:22:43'),
(222, 8, 8, '2020-07-02 09:22:44', '2020-07-02 09:22:44'),
(223, 4, 2, '2020-07-02 09:22:44', '2020-07-02 09:22:44'),
(224, 3, 8, '2020-07-02 09:22:44', '2020-07-02 09:22:44'),
(225, 27, 11, '2020-07-02 09:22:44', '2020-07-02 09:22:44'),
(226, 16, 5, '2020-07-02 09:22:44', '2020-07-02 09:22:44'),
(227, 37, 8, '2020-07-02 09:22:44', '2020-07-02 09:22:44'),
(228, 50, 11, '2020-07-02 09:22:44', '2020-07-02 09:22:44'),
(229, 7, 12, '2020-07-02 09:22:44', '2020-07-02 09:22:44'),
(230, 36, 12, '2020-07-02 09:22:44', '2020-07-02 09:22:44'),
(231, 20, 12, '2020-07-02 09:22:44', '2020-07-02 09:22:44'),
(232, 27, 8, '2020-07-02 09:22:44', '2020-07-02 09:22:44'),
(233, 44, 12, '2020-07-02 09:22:44', '2020-07-02 09:22:44'),
(234, 12, 11, '2020-07-02 09:22:44', '2020-07-02 09:22:44'),
(235, 23, 8, '2020-07-02 09:22:44', '2020-07-02 09:22:44'),
(236, 31, 6, '2020-07-02 09:22:44', '2020-07-02 09:22:44'),
(237, 27, 10, '2020-07-02 09:22:44', '2020-07-02 09:22:44'),
(238, 37, 10, '2020-07-02 09:22:44', '2020-07-02 09:22:44'),
(239, 19, 7, '2020-07-02 09:22:44', '2020-07-02 09:22:44'),
(240, 19, 4, '2020-07-02 09:22:45', '2020-07-02 09:22:45'),
(241, 41, 8, '2020-07-02 09:22:45', '2020-07-02 09:22:45'),
(242, 19, 4, '2020-07-02 09:22:45', '2020-07-02 09:22:45'),
(243, 25, 12, '2020-07-02 09:22:45', '2020-07-02 09:22:45'),
(244, 45, 8, '2020-07-02 09:22:45', '2020-07-02 09:22:45'),
(245, 22, 8, '2020-07-02 09:22:45', '2020-07-02 09:22:45'),
(246, 21, 1, '2020-07-02 09:22:45', '2020-07-02 09:22:45'),
(247, 43, 5, '2020-07-02 09:22:45', '2020-07-02 09:22:45'),
(248, 46, 3, '2020-07-02 09:22:45', '2020-07-02 09:22:45'),
(249, 13, 11, '2020-07-02 09:22:45', '2020-07-02 09:22:45'),
(250, 1, 9, '2020-07-02 09:22:45', '2020-07-02 09:22:45'),
(251, 7, 4, '2020-07-02 09:22:45', '2020-07-02 09:22:45'),
(252, 18, 2, '2020-07-02 09:22:45', '2020-07-02 09:22:45'),
(253, 43, 2, '2020-07-02 09:22:45', '2020-07-02 09:22:45'),
(254, 16, 8, '2020-07-02 09:22:45', '2020-07-02 09:22:45'),
(255, 7, 6, '2020-07-02 09:22:45', '2020-07-02 09:22:45'),
(256, 10, 7, '2020-07-02 09:22:45', '2020-07-02 09:22:45'),
(257, 16, 8, '2020-07-02 09:22:45', '2020-07-02 09:22:45'),
(258, 41, 9, '2020-07-02 09:22:46', '2020-07-02 09:22:46'),
(259, 30, 9, '2020-07-02 09:22:46', '2020-07-02 09:22:46'),
(260, 34, 4, '2020-07-02 09:22:46', '2020-07-02 09:22:46'),
(261, 14, 5, '2020-07-02 09:22:46', '2020-07-02 09:22:46'),
(262, 29, 12, '2020-07-02 09:22:46', '2020-07-02 09:22:46'),
(263, 46, 8, '2020-07-02 09:22:46', '2020-07-02 09:22:46'),
(264, 17, 3, '2020-07-02 09:22:46', '2020-07-02 09:22:46'),
(265, 30, 11, '2020-07-02 09:22:46', '2020-07-02 09:22:46'),
(266, 50, 4, '2020-07-02 09:22:46', '2020-07-02 09:22:46'),
(267, 35, 4, '2020-07-02 09:22:46', '2020-07-02 09:22:46'),
(268, 45, 6, '2020-07-02 09:22:46', '2020-07-02 09:22:46'),
(269, 49, 5, '2020-07-02 09:22:46', '2020-07-02 09:22:46'),
(270, 36, 5, '2020-07-02 09:22:46', '2020-07-02 09:22:46'),
(271, 25, 7, '2020-07-02 09:22:47', '2020-07-02 09:22:47'),
(272, 21, 7, '2020-07-02 09:22:47', '2020-07-02 09:22:47'),
(273, 27, 11, '2020-07-02 09:22:47', '2020-07-02 09:22:47'),
(274, 8, 1, '2020-07-02 09:22:47', '2020-07-02 09:22:47'),
(275, 47, 9, '2020-07-02 09:22:47', '2020-07-02 09:22:47'),
(276, 13, 10, '2020-07-02 09:22:47', '2020-07-02 09:22:47'),
(277, 19, 4, '2020-07-02 09:22:47', '2020-07-02 09:22:47'),
(278, 9, 7, '2020-07-02 09:22:47', '2020-07-02 09:22:47'),
(279, 29, 5, '2020-07-02 09:22:47', '2020-07-02 09:22:47'),
(280, 44, 11, '2020-07-02 09:22:47', '2020-07-02 09:22:47'),
(281, 16, 11, '2020-07-02 09:22:47', '2020-07-02 09:22:47'),
(282, 26, 1, '2020-07-02 09:22:47', '2020-07-02 09:22:47'),
(283, 26, 7, '2020-07-02 09:22:47', '2020-07-02 09:22:47'),
(284, 17, 4, '2020-07-02 09:22:47', '2020-07-02 09:22:47'),
(285, 39, 10, '2020-07-02 09:22:47', '2020-07-02 09:22:47'),
(286, 11, 5, '2020-07-02 09:22:48', '2020-07-02 09:22:48'),
(287, 48, 4, '2020-07-02 09:22:48', '2020-07-02 09:22:48'),
(288, 9, 2, '2020-07-02 09:22:48', '2020-07-02 09:22:48'),
(289, 24, 6, '2020-07-02 09:22:48', '2020-07-02 09:22:48'),
(290, 48, 12, '2020-07-02 09:22:48', '2020-07-02 09:22:48'),
(291, 16, 10, '2020-07-02 09:22:48', '2020-07-02 09:22:48'),
(292, 37, 5, '2020-07-02 09:22:48', '2020-07-02 09:22:48'),
(293, 39, 3, '2020-07-02 09:22:48', '2020-07-02 09:22:48'),
(294, 17, 11, '2020-07-02 09:22:48', '2020-07-02 09:22:48'),
(295, 35, 10, '2020-07-02 09:22:48', '2020-07-02 09:22:48'),
(296, 46, 11, '2020-07-02 09:22:48', '2020-07-02 09:22:48'),
(297, 33, 12, '2020-07-02 09:22:48', '2020-07-02 09:22:48'),
(298, 2, 5, '2020-07-02 09:22:48', '2020-07-02 09:22:48'),
(299, 22, 11, '2020-07-02 09:22:49', '2020-07-02 09:22:49'),
(300, 10, 4, '2020-07-02 09:22:49', '2020-07-02 09:22:49'),
(301, 3, 5, '2020-07-02 09:22:49', '2020-07-02 09:22:49'),
(302, 29, 10, '2020-07-02 09:22:49', '2020-07-02 09:22:49'),
(303, 6, 5, '2020-07-02 09:22:49', '2020-07-02 09:22:49'),
(304, 15, 5, '2020-07-02 09:22:49', '2020-07-02 09:22:49'),
(305, 36, 4, '2020-07-02 09:22:49', '2020-07-02 09:22:49'),
(306, 42, 1, '2020-07-02 09:22:49', '2020-07-02 09:22:49'),
(307, 35, 10, '2020-07-02 09:22:49', '2020-07-02 09:22:49'),
(308, 28, 9, '2020-07-02 09:22:49', '2020-07-02 09:22:49'),
(309, 26, 1, '2020-07-02 09:22:49', '2020-07-02 09:22:49'),
(310, 5, 11, '2020-07-02 09:22:49', '2020-07-02 09:22:49'),
(311, 43, 9, '2020-07-02 09:22:49', '2020-07-02 09:22:49'),
(312, 42, 7, '2020-07-02 09:22:50', '2020-07-02 09:22:50'),
(313, 38, 1, '2020-07-02 09:22:50', '2020-07-02 09:22:50'),
(314, 43, 2, '2020-07-02 09:22:50', '2020-07-02 09:22:50'),
(315, 12, 8, '2020-07-02 09:22:50', '2020-07-02 09:22:50'),
(316, 7, 5, '2020-07-02 09:22:50', '2020-07-02 09:22:50'),
(317, 24, 10, '2020-07-02 09:22:50', '2020-07-02 09:22:50'),
(318, 14, 5, '2020-07-02 09:22:50', '2020-07-02 09:22:50'),
(319, 45, 11, '2020-07-02 09:22:50', '2020-07-02 09:22:50'),
(320, 46, 8, '2020-07-02 09:22:50', '2020-07-02 09:22:50'),
(321, 9, 1, '2020-07-02 09:22:50', '2020-07-02 09:22:50'),
(322, 26, 6, '2020-07-02 09:22:50', '2020-07-02 09:22:50'),
(323, 40, 3, '2020-07-02 09:22:50', '2020-07-02 09:22:50'),
(324, 23, 4, '2020-07-02 09:22:51', '2020-07-02 09:22:51'),
(325, 22, 3, '2020-07-02 09:22:51', '2020-07-02 09:22:51'),
(326, 17, 4, '2020-07-02 09:22:51', '2020-07-02 09:22:51'),
(327, 8, 10, '2020-07-02 09:22:51', '2020-07-02 09:22:51'),
(328, 24, 4, '2020-07-02 09:22:51', '2020-07-02 09:22:51'),
(329, 13, 7, '2020-07-02 09:22:51', '2020-07-02 09:22:51'),
(330, 9, 3, '2020-07-02 09:22:51', '2020-07-02 09:22:51'),
(331, 38, 9, '2020-07-02 09:22:51', '2020-07-02 09:22:51'),
(332, 8, 6, '2020-07-02 09:22:51', '2020-07-02 09:22:51'),
(333, 4, 6, '2020-07-02 09:22:51', '2020-07-02 09:22:51'),
(334, 49, 1, '2020-07-02 09:22:51', '2020-07-02 09:22:51'),
(335, 33, 1, '2020-07-02 09:22:52', '2020-07-02 09:22:52'),
(336, 45, 9, '2020-07-02 09:22:52', '2020-07-02 09:22:52'),
(337, 35, 9, '2020-07-02 09:22:52', '2020-07-02 09:22:52'),
(338, 7, 1, '2020-07-02 09:22:52', '2020-07-02 09:22:52'),
(339, 50, 3, '2020-07-02 09:22:52', '2020-07-02 09:22:52'),
(340, 18, 3, '2020-07-02 09:22:52', '2020-07-02 09:22:52'),
(341, 27, 9, '2020-07-02 09:22:52', '2020-07-02 09:22:52'),
(342, 36, 3, '2020-07-02 09:22:52', '2020-07-02 09:22:52'),
(343, 42, 2, '2020-07-02 09:22:52', '2020-07-02 09:22:52'),
(344, 33, 6, '2020-07-02 09:22:52', '2020-07-02 09:22:52'),
(345, 33, 7, '2020-07-02 09:22:52', '2020-07-02 09:22:52'),
(346, 48, 5, '2020-07-02 09:22:52', '2020-07-02 09:22:52'),
(347, 31, 7, '2020-07-02 09:22:53', '2020-07-02 09:22:53'),
(348, 30, 6, '2020-07-02 09:22:53', '2020-07-02 09:22:53'),
(349, 7, 10, '2020-07-02 09:22:53', '2020-07-02 09:22:53'),
(350, 20, 4, '2020-07-02 09:22:53', '2020-07-02 09:22:53'),
(351, 9, 7, '2020-07-02 09:22:53', '2020-07-02 09:22:53'),
(352, 3, 6, '2020-07-02 09:22:53', '2020-07-02 09:22:53'),
(353, 10, 1, '2020-07-02 09:22:53', '2020-07-02 09:22:53'),
(354, 49, 11, '2020-07-02 09:22:53', '2020-07-02 09:22:53'),
(355, 42, 5, '2020-07-02 09:22:53', '2020-07-02 09:22:53'),
(356, 7, 7, '2020-07-02 09:22:53', '2020-07-02 09:22:53'),
(357, 48, 2, '2020-07-02 09:22:53', '2020-07-02 09:22:53'),
(358, 38, 8, '2020-07-02 09:22:53', '2020-07-02 09:22:53'),
(359, 4, 2, '2020-07-02 09:22:53', '2020-07-02 09:22:53'),
(360, 38, 2, '2020-07-02 09:22:54', '2020-07-02 09:22:54'),
(361, 42, 1, '2020-07-02 09:22:54', '2020-07-02 09:22:54'),
(362, 2, 3, '2020-07-02 09:22:54', '2020-07-02 09:22:54'),
(363, 2, 11, '2020-07-02 09:22:54', '2020-07-02 09:22:54'),
(364, 20, 10, '2020-07-02 09:22:54', '2020-07-02 09:22:54'),
(365, 27, 2, '2020-07-02 09:22:54', '2020-07-02 09:22:54'),
(366, 30, 11, '2020-07-02 09:22:54', '2020-07-02 09:22:54'),
(367, 18, 8, '2020-07-02 09:22:54', '2020-07-02 09:22:54'),
(368, 50, 5, '2020-07-02 09:22:54', '2020-07-02 09:22:54'),
(369, 23, 12, '2020-07-02 09:22:54', '2020-07-02 09:22:54'),
(370, 23, 5, '2020-07-02 09:22:54', '2020-07-02 09:22:54'),
(371, 35, 4, '2020-07-02 09:22:54', '2020-07-02 09:22:54'),
(372, 16, 11, '2020-07-02 09:22:55', '2020-07-02 09:22:55'),
(373, 50, 3, '2020-07-02 09:22:55', '2020-07-02 09:22:55'),
(374, 12, 10, '2020-07-02 09:22:55', '2020-07-02 09:22:55'),
(375, 49, 7, '2020-07-02 09:22:55', '2020-07-02 09:22:55'),
(376, 9, 1, '2020-07-02 09:22:55', '2020-07-02 09:22:55'),
(377, 27, 4, '2020-07-02 09:22:55', '2020-07-02 09:22:55'),
(378, 23, 2, '2020-07-02 09:22:55', '2020-07-02 09:22:55'),
(379, 42, 11, '2020-07-02 09:22:55', '2020-07-02 09:22:55'),
(380, 45, 5, '2020-07-02 09:22:55', '2020-07-02 09:22:55'),
(381, 17, 4, '2020-07-02 09:22:55', '2020-07-02 09:22:55'),
(382, 18, 1, '2020-07-02 09:22:55', '2020-07-02 09:22:55'),
(383, 23, 10, '2020-07-02 09:22:56', '2020-07-02 09:22:56'),
(384, 35, 7, '2020-07-02 09:22:56', '2020-07-02 09:22:56'),
(385, 9, 8, '2020-07-02 09:22:56', '2020-07-02 09:22:56'),
(386, 17, 11, '2020-07-02 09:22:56', '2020-07-02 09:22:56'),
(387, 36, 9, '2020-07-02 09:22:56', '2020-07-02 09:22:56'),
(388, 22, 3, '2020-07-02 09:22:56', '2020-07-02 09:22:56'),
(389, 5, 1, '2020-07-02 09:22:56', '2020-07-02 09:22:56'),
(390, 12, 3, '2020-07-02 09:22:56', '2020-07-02 09:22:56'),
(391, 14, 10, '2020-07-02 09:22:56', '2020-07-02 09:22:56'),
(392, 16, 5, '2020-07-02 09:22:57', '2020-07-02 09:22:57'),
(393, 29, 6, '2020-07-02 09:22:57', '2020-07-02 09:22:57'),
(394, 2, 12, '2020-07-02 09:22:57', '2020-07-02 09:22:57'),
(395, 30, 6, '2020-07-02 09:22:57', '2020-07-02 09:22:57'),
(396, 25, 11, '2020-07-02 09:22:57', '2020-07-02 09:22:57'),
(397, 13, 11, '2020-07-02 09:22:57', '2020-07-02 09:22:57'),
(398, 30, 6, '2020-07-02 09:22:57', '2020-07-02 09:22:57'),
(399, 33, 5, '2020-07-02 09:22:57', '2020-07-02 09:22:57'),
(400, 5, 8, '2020-07-02 09:22:57', '2020-07-02 09:22:57');

-- --------------------------------------------------------

--
-- Структура таблиці `tour_services`
--

CREATE TABLE `tour_services` (
  `id` int(10) UNSIGNED NOT NULL,
  `tour_id` int(10) UNSIGNED NOT NULL DEFAULT '1',
  `service_id` int(10) UNSIGNED NOT NULL DEFAULT '1',
  `price` int(10) UNSIGNED NOT NULL DEFAULT '0',
  `created_at` timestamp NULL DEFAULT NULL,
  `updated_at` timestamp NULL DEFAULT NULL
) ENGINE=InnoDB DEFAULT CHARSET=utf8mb4 COLLATE=utf8mb4_unicode_ci;

--
-- Дамп даних таблиці `tour_services`
--

INSERT INTO `tour_services` (`id`, `tour_id`, `service_id`, `price`, `created_at`, `updated_at`) VALUES
(1, 47, 7, 4642, '2020-07-02 09:22:57', '2020-07-02 09:22:57'),
(2, 9, 2, 276, '2020-07-02 09:22:57', '2020-07-02 09:22:57'),
(3, 27, 7, 949, '2020-07-02 09:22:57', '2020-07-02 09:22:57'),
(4, 7, 2, 1832, '2020-07-02 09:22:57', '2020-07-02 09:22:57'),
(5, 5, 3, 3433, '2020-07-02 09:22:58', '2020-07-02 09:22:58'),
(6, 26, 1, 3983, '2020-07-02 09:22:58', '2020-07-02 09:22:58'),
(7, 11, 1, 2805, '2020-07-02 09:22:58', '2020-07-02 09:22:58'),
(8, 7, 8, 3902, '2020-07-02 09:22:58', '2020-07-02 09:22:58'),
(9, 4, 8, 588, '2020-07-02 09:22:58', '2020-07-02 09:22:58'),
(10, 27, 7, 4894, '2020-07-02 09:22:58', '2020-07-02 09:22:58'),
(11, 27, 1, 1571, '2020-07-02 09:22:58', '2020-07-02 09:22:58'),
(12, 41, 6, 2721, '2020-07-02 09:22:58', '2020-07-02 09:22:58'),
(13, 35, 8, 3650, '2020-07-02 09:22:58', '2020-07-02 09:22:58'),
(14, 26, 5, 2194, '2020-07-02 09:22:58', '2020-07-02 09:22:58'),
(15, 5, 5, 1861, '2020-07-02 09:22:58', '2020-07-02 09:22:58'),
(16, 36, 8, 1640, '2020-07-02 09:22:58', '2020-07-02 09:22:58'),
(17, 39, 1, 587, '2020-07-02 09:22:58', '2020-07-02 09:22:58'),
(18, 31, 2, 3840, '2020-07-02 09:22:58', '2020-07-02 09:22:58'),
(19, 3, 8, 4101, '2020-07-02 09:22:58', '2020-07-02 09:22:58'),
(20, 30, 1, 4672, '2020-07-02 09:22:58', '2020-07-02 09:22:58'),
(21, 23, 4, 3346, '2020-07-02 09:22:58', '2020-07-02 09:22:58'),
(22, 26, 6, 3663, '2020-07-02 09:22:59', '2020-07-02 09:22:59'),
(23, 19, 5, 4498, '2020-07-02 09:22:59', '2020-07-02 09:22:59'),
(24, 11, 3, 3305, '2020-07-02 09:22:59', '2020-07-02 09:22:59'),
(25, 44, 7, 2681, '2020-07-02 09:22:59', '2020-07-02 09:22:59'),
(26, 21, 5, 2602, '2020-07-02 09:22:59', '2020-07-02 09:22:59'),
(27, 50, 1, 3630, '2020-07-02 09:22:59', '2020-07-02 09:22:59'),
(28, 48, 5, 1613, '2020-07-02 09:22:59', '2020-07-02 09:22:59'),
(29, 46, 3, 1035, '2020-07-02 09:22:59', '2020-07-02 09:22:59'),
(30, 47, 4, 4750, '2020-07-02 09:22:59', '2020-07-02 09:22:59'),
(31, 10, 3, 1043, '2020-07-02 09:22:59', '2020-07-02 09:22:59'),
(32, 2, 5, 1417, '2020-07-02 09:22:59', '2020-07-02 09:22:59'),
(33, 8, 6, 725, '2020-07-02 09:22:59', '2020-07-02 09:22:59'),
(34, 27, 6, 3922, '2020-07-02 09:22:59', '2020-07-02 09:22:59'),
(35, 29, 1, 2225, '2020-07-02 09:22:59', '2020-07-02 09:22:59'),
(36, 24, 5, 238, '2020-07-02 09:22:59', '2020-07-02 09:22:59'),
(37, 49, 5, 1062, '2020-07-02 09:22:59', '2020-07-02 09:22:59'),
(38, 27, 5, 369, '2020-07-02 09:22:59', '2020-07-02 09:22:59'),
(39, 10, 7, 1456, '2020-07-02 09:23:00', '2020-07-02 09:23:00'),
(40, 4, 3, 3277, '2020-07-02 09:23:00', '2020-07-02 09:23:00'),
(41, 46, 2, 1463, '2020-07-02 09:23:00', '2020-07-02 09:23:00'),
(42, 19, 2, 3732, '2020-07-02 09:23:00', '2020-07-02 09:23:00'),
(43, 4, 1, 3996, '2020-07-02 09:23:00', '2020-07-02 09:23:00'),
(44, 21, 4, 2691, '2020-07-02 09:23:00', '2020-07-02 09:23:00'),
(45, 24, 2, 2061, '2020-07-02 09:23:00', '2020-07-02 09:23:00'),
(46, 5, 4, 4556, '2020-07-02 09:23:00', '2020-07-02 09:23:00'),
(47, 31, 2, 2574, '2020-07-02 09:23:00', '2020-07-02 09:23:00'),
(48, 32, 1, 894, '2020-07-02 09:23:00', '2020-07-02 09:23:00'),
(49, 12, 6, 4227, '2020-07-02 09:23:00', '2020-07-02 09:23:00'),
(50, 24, 2, 3211, '2020-07-02 09:23:00', '2020-07-02 09:23:00'),
(51, 4, 2, 1447, '2020-07-02 09:23:00', '2020-07-02 09:23:00'),
(52, 44, 8, 1489, '2020-07-02 09:23:00', '2020-07-02 09:23:00'),
(53, 31, 3, 2833, '2020-07-02 09:23:00', '2020-07-02 09:23:00'),
(54, 42, 5, 3639, '2020-07-02 09:23:00', '2020-07-02 09:23:00'),
(55, 17, 2, 3184, '2020-07-02 09:23:00', '2020-07-02 09:23:00'),
(56, 7, 7, 568, '2020-07-02 09:23:01', '2020-07-02 09:23:01'),
(57, 21, 1, 3840, '2020-07-02 09:23:01', '2020-07-02 09:23:01'),
(58, 45, 2, 3511, '2020-07-02 09:23:01', '2020-07-02 09:23:01'),
(59, 37, 1, 1219, '2020-07-02 09:23:01', '2020-07-02 09:23:01'),
(60, 50, 4, 3523, '2020-07-02 09:23:01', '2020-07-02 09:23:01'),
(61, 39, 3, 4471, '2020-07-02 09:23:01', '2020-07-02 09:23:01'),
(62, 38, 7, 1991, '2020-07-02 09:23:01', '2020-07-02 09:23:01'),
(63, 14, 3, 2077, '2020-07-02 09:23:01', '2020-07-02 09:23:01'),
(64, 26, 6, 3564, '2020-07-02 09:23:01', '2020-07-02 09:23:01'),
(65, 19, 1, 1995, '2020-07-02 09:23:01', '2020-07-02 09:23:01'),
(66, 16, 7, 4628, '2020-07-02 09:23:01', '2020-07-02 09:23:01'),
(67, 45, 5, 2704, '2020-07-02 09:23:01', '2020-07-02 09:23:01'),
(68, 10, 7, 574, '2020-07-02 09:23:01', '2020-07-02 09:23:01'),
(69, 27, 2, 2026, '2020-07-02 09:23:01', '2020-07-02 09:23:01'),
(70, 21, 1, 1053, '2020-07-02 09:23:01', '2020-07-02 09:23:01'),
(71, 21, 3, 1077, '2020-07-02 09:23:01', '2020-07-02 09:23:01'),
(72, 17, 1, 4461, '2020-07-02 09:23:01', '2020-07-02 09:23:01'),
(73, 16, 8, 2021, '2020-07-02 09:23:02', '2020-07-02 09:23:02'),
(74, 26, 1, 4172, '2020-07-02 09:23:02', '2020-07-02 09:23:02'),
(75, 2, 6, 3074, '2020-07-02 09:23:02', '2020-07-02 09:23:02'),
(76, 14, 8, 200, '2020-07-02 09:23:02', '2020-07-02 09:23:02'),
(77, 29, 5, 2176, '2020-07-02 09:23:02', '2020-07-02 09:23:02'),
(78, 31, 7, 414, '2020-07-02 09:23:02', '2020-07-02 09:23:02'),
(79, 36, 5, 3817, '2020-07-02 09:23:02', '2020-07-02 09:23:02'),
(80, 5, 7, 585, '2020-07-02 09:23:02', '2020-07-02 09:23:02'),
(81, 12, 3, 1811, '2020-07-02 09:23:02', '2020-07-02 09:23:02'),
(82, 29, 6, 1871, '2020-07-02 09:23:02', '2020-07-02 09:23:02'),
(83, 14, 6, 4231, '2020-07-02 09:23:02', '2020-07-02 09:23:02'),
(84, 4, 7, 578, '2020-07-02 09:23:02', '2020-07-02 09:23:02'),
(85, 7, 1, 3471, '2020-07-02 09:23:02', '2020-07-02 09:23:02'),
(86, 9, 8, 4246, '2020-07-02 09:23:02', '2020-07-02 09:23:02'),
(87, 39, 6, 2051, '2020-07-02 09:23:02', '2020-07-02 09:23:02'),
(88, 45, 7, 3029, '2020-07-02 09:23:02', '2020-07-02 09:23:02'),
(89, 14, 6, 2879, '2020-07-02 09:23:03', '2020-07-02 09:23:03'),
(90, 6, 6, 1767, '2020-07-02 09:23:03', '2020-07-02 09:23:03'),
(91, 22, 5, 2437, '2020-07-02 09:23:03', '2020-07-02 09:23:03'),
(92, 47, 2, 4893, '2020-07-02 09:23:03', '2020-07-02 09:23:03'),
(93, 16, 8, 2804, '2020-07-02 09:23:03', '2020-07-02 09:23:03'),
(94, 18, 2, 1939, '2020-07-02 09:23:03', '2020-07-02 09:23:03'),
(95, 42, 4, 3781, '2020-07-02 09:23:03', '2020-07-02 09:23:03'),
(96, 35, 8, 3239, '2020-07-02 09:23:03', '2020-07-02 09:23:03'),
(97, 42, 5, 2837, '2020-07-02 09:23:03', '2020-07-02 09:23:03'),
(98, 19, 2, 4066, '2020-07-02 09:23:03', '2020-07-02 09:23:03'),
(99, 50, 3, 1808, '2020-07-02 09:23:03', '2020-07-02 09:23:03'),
(100, 45, 1, 3694, '2020-07-02 09:23:03', '2020-07-02 09:23:03'),
(101, 44, 3, 3552, '2020-07-02 09:23:03', '2020-07-02 09:23:03'),
(102, 50, 4, 1382, '2020-07-02 09:23:04', '2020-07-02 09:23:04'),
(103, 18, 7, 2970, '2020-07-02 09:23:04', '2020-07-02 09:23:04'),
(104, 2, 1, 4583, '2020-07-02 09:23:04', '2020-07-02 09:23:04'),
(105, 47, 6, 3725, '2020-07-02 09:23:04', '2020-07-02 09:23:04'),
(106, 32, 3, 2780, '2020-07-02 09:23:04', '2020-07-02 09:23:04'),
(107, 43, 8, 1801, '2020-07-02 09:23:04', '2020-07-02 09:23:04'),
(108, 21, 4, 2962, '2020-07-02 09:23:04', '2020-07-02 09:23:04'),
(109, 8, 2, 2320, '2020-07-02 09:23:04', '2020-07-02 09:23:04'),
(110, 9, 3, 710, '2020-07-02 09:23:04', '2020-07-02 09:23:04'),
(111, 6, 7, 2346, '2020-07-02 09:23:04', '2020-07-02 09:23:04'),
(112, 4, 1, 1613, '2020-07-02 09:23:04', '2020-07-02 09:23:04'),
(113, 41, 6, 4922, '2020-07-02 09:23:04', '2020-07-02 09:23:04'),
(114, 26, 7, 2920, '2020-07-02 09:23:04', '2020-07-02 09:23:04'),
(115, 4, 2, 1625, '2020-07-02 09:23:04', '2020-07-02 09:23:04'),
(116, 24, 1, 3999, '2020-07-02 09:23:05', '2020-07-02 09:23:05'),
(117, 32, 3, 4272, '2020-07-02 09:23:05', '2020-07-02 09:23:05'),
(118, 49, 3, 1067, '2020-07-02 09:23:05', '2020-07-02 09:23:05'),
(119, 50, 3, 2831, '2020-07-02 09:23:05', '2020-07-02 09:23:05'),
(120, 45, 5, 570, '2020-07-02 09:23:05', '2020-07-02 09:23:05'),
(121, 13, 3, 1417, '2020-07-02 09:23:05', '2020-07-02 09:23:05'),
(122, 31, 2, 904, '2020-07-02 09:23:05', '2020-07-02 09:23:05'),
(123, 1, 6, 2064, '2020-07-02 09:23:05', '2020-07-02 09:23:05'),
(124, 25, 1, 3977, '2020-07-02 09:23:05', '2020-07-02 09:23:05'),
(125, 33, 3, 2593, '2020-07-02 09:23:05', '2020-07-02 09:23:05'),
(126, 7, 5, 1538, '2020-07-02 09:23:05', '2020-07-02 09:23:05'),
(127, 9, 7, 1168, '2020-07-02 09:23:05', '2020-07-02 09:23:05'),
(128, 30, 6, 2014, '2020-07-02 09:23:06', '2020-07-02 09:23:06'),
(129, 4, 1, 1418, '2020-07-02 09:23:06', '2020-07-02 09:23:06'),
(130, 45, 8, 2171, '2020-07-02 09:23:06', '2020-07-02 09:23:06'),
(131, 15, 7, 1730, '2020-07-02 09:23:06', '2020-07-02 09:23:06'),
(132, 10, 3, 1493, '2020-07-02 09:23:06', '2020-07-02 09:23:06'),
(133, 23, 1, 987, '2020-07-02 09:23:06', '2020-07-02 09:23:06'),
(134, 4, 1, 4043, '2020-07-02 09:23:06', '2020-07-02 09:23:06'),
(135, 47, 7, 4797, '2020-07-02 09:23:06', '2020-07-02 09:23:06'),
(136, 9, 2, 3719, '2020-07-02 09:23:06', '2020-07-02 09:23:06'),
(137, 50, 3, 4746, '2020-07-02 09:23:06', '2020-07-02 09:23:06'),
(138, 10, 5, 4314, '2020-07-02 09:23:06', '2020-07-02 09:23:06'),
(139, 39, 7, 403, '2020-07-02 09:23:06', '2020-07-02 09:23:06'),
(140, 16, 5, 2468, '2020-07-02 09:23:06', '2020-07-02 09:23:06'),
(141, 28, 6, 3896, '2020-07-02 09:23:07', '2020-07-02 09:23:07'),
(142, 29, 6, 268, '2020-07-02 09:23:07', '2020-07-02 09:23:07'),
(143, 35, 2, 1147, '2020-07-02 09:23:07', '2020-07-02 09:23:07'),
(144, 8, 4, 4735, '2020-07-02 09:23:07', '2020-07-02 09:23:07'),
(145, 46, 6, 1557, '2020-07-02 09:23:07', '2020-07-02 09:23:07'),
(146, 9, 6, 4289, '2020-07-02 09:23:07', '2020-07-02 09:23:07'),
(147, 32, 8, 829, '2020-07-02 09:23:07', '2020-07-02 09:23:07'),
(148, 45, 1, 788, '2020-07-02 09:23:07', '2020-07-02 09:23:07'),
(149, 18, 2, 3837, '2020-07-02 09:23:07', '2020-07-02 09:23:07'),
(150, 46, 3, 4602, '2020-07-02 09:23:07', '2020-07-02 09:23:07'),
(151, 29, 6, 4335, '2020-07-02 09:23:07', '2020-07-02 09:23:07'),
(152, 39, 8, 384, '2020-07-02 09:23:07', '2020-07-02 09:23:07'),
(153, 39, 5, 4558, '2020-07-02 09:23:07', '2020-07-02 09:23:07'),
(154, 48, 2, 4320, '2020-07-02 09:23:07', '2020-07-02 09:23:07'),
(155, 31, 8, 3904, '2020-07-02 09:23:07', '2020-07-02 09:23:07'),
(156, 41, 1, 4916, '2020-07-02 09:23:08', '2020-07-02 09:23:08'),
(157, 33, 4, 3749, '2020-07-02 09:23:08', '2020-07-02 09:23:08'),
(158, 9, 5, 4070, '2020-07-02 09:23:08', '2020-07-02 09:23:08'),
(159, 16, 5, 2235, '2020-07-02 09:23:08', '2020-07-02 09:23:08'),
(160, 1, 2, 3563, '2020-07-02 09:23:08', '2020-07-02 09:23:08'),
(161, 16, 1, 2535, '2020-07-02 09:23:08', '2020-07-02 09:23:08'),
(162, 27, 6, 2873, '2020-07-02 09:23:08', '2020-07-02 09:23:08'),
(163, 19, 3, 2728, '2020-07-02 09:23:08', '2020-07-02 09:23:08'),
(164, 10, 4, 4641, '2020-07-02 09:23:08', '2020-07-02 09:23:08'),
(165, 7, 4, 1059, '2020-07-02 09:23:08', '2020-07-02 09:23:08'),
(166, 30, 3, 978, '2020-07-02 09:23:08', '2020-07-02 09:23:08'),
(167, 19, 5, 1988, '2020-07-02 09:23:08', '2020-07-02 09:23:08'),
(168, 35, 5, 562, '2020-07-02 09:23:08', '2020-07-02 09:23:08'),
(169, 14, 4, 4289, '2020-07-02 09:23:08', '2020-07-02 09:23:08'),
(170, 34, 7, 4229, '2020-07-02 09:23:08', '2020-07-02 09:23:08'),
(171, 40, 6, 870, '2020-07-02 09:23:08', '2020-07-02 09:23:08'),
(172, 6, 5, 4362, '2020-07-02 09:23:08', '2020-07-02 09:23:08'),
(173, 35, 2, 2089, '2020-07-02 09:23:09', '2020-07-02 09:23:09'),
(174, 48, 5, 1080, '2020-07-02 09:23:09', '2020-07-02 09:23:09'),
(175, 50, 5, 1646, '2020-07-02 09:23:09', '2020-07-02 09:23:09'),
(176, 32, 3, 3721, '2020-07-02 09:23:09', '2020-07-02 09:23:09'),
(177, 3, 1, 2189, '2020-07-02 09:23:09', '2020-07-02 09:23:09'),
(178, 24, 6, 3060, '2020-07-02 09:23:09', '2020-07-02 09:23:09'),
(179, 41, 8, 2826, '2020-07-02 09:23:09', '2020-07-02 09:23:09'),
(180, 7, 3, 4056, '2020-07-02 09:23:09', '2020-07-02 09:23:09'),
(181, 26, 5, 3714, '2020-07-02 09:23:09', '2020-07-02 09:23:09'),
(182, 18, 3, 3542, '2020-07-02 09:23:09', '2020-07-02 09:23:09'),
(183, 31, 1, 3601, '2020-07-02 09:23:09', '2020-07-02 09:23:09'),
(184, 33, 2, 4215, '2020-07-02 09:23:09', '2020-07-02 09:23:09'),
(185, 28, 7, 821, '2020-07-02 09:23:09', '2020-07-02 09:23:09'),
(186, 44, 4, 975, '2020-07-02 09:23:09', '2020-07-02 09:23:09'),
(187, 28, 2, 2545, '2020-07-02 09:23:09', '2020-07-02 09:23:09'),
(188, 10, 6, 4320, '2020-07-02 09:23:09', '2020-07-02 09:23:09'),
(189, 41, 4, 444, '2020-07-02 09:23:09', '2020-07-02 09:23:09'),
(190, 20, 5, 629, '2020-07-02 09:23:09', '2020-07-02 09:23:09'),
(191, 4, 7, 412, '2020-07-02 09:23:09', '2020-07-02 09:23:09'),
(192, 18, 1, 4510, '2020-07-02 09:23:10', '2020-07-02 09:23:10'),
(193, 39, 5, 725, '2020-07-02 09:23:10', '2020-07-02 09:23:10'),
(194, 5, 5, 1157, '2020-07-02 09:23:10', '2020-07-02 09:23:10'),
(195, 34, 8, 2869, '2020-07-02 09:23:10', '2020-07-02 09:23:10'),
(196, 38, 8, 353, '2020-07-02 09:23:10', '2020-07-02 09:23:10'),
(197, 26, 4, 4067, '2020-07-02 09:23:10', '2020-07-02 09:23:10'),
(198, 47, 2, 1310, '2020-07-02 09:23:10', '2020-07-02 09:23:10'),
(199, 32, 5, 4024, '2020-07-02 09:23:10', '2020-07-02 09:23:10'),
(200, 38, 1, 4427, '2020-07-02 09:23:10', '2020-07-02 09:23:10'),
(201, 23, 7, 265, '2020-07-02 09:23:10', '2020-07-02 09:23:10'),
(202, 28, 8, 2763, '2020-07-02 09:23:10', '2020-07-02 09:23:10'),
(203, 37, 8, 1086, '2020-07-02 09:23:10', '2020-07-02 09:23:10'),
(204, 25, 2, 1386, '2020-07-02 09:23:10', '2020-07-02 09:23:10'),
(205, 22, 7, 533, '2020-07-02 09:23:10', '2020-07-02 09:23:10'),
(206, 23, 4, 1525, '2020-07-02 09:23:10', '2020-07-02 09:23:10'),
(207, 49, 4, 323, '2020-07-02 09:23:10', '2020-07-02 09:23:10'),
(208, 7, 4, 4048, '2020-07-02 09:23:10', '2020-07-02 09:23:10'),
(209, 27, 1, 843, '2020-07-02 09:23:10', '2020-07-02 09:23:10'),
(210, 10, 7, 3885, '2020-07-02 09:23:10', '2020-07-02 09:23:10'),
(211, 23, 8, 1385, '2020-07-02 09:23:11', '2020-07-02 09:23:11'),
(212, 32, 6, 2353, '2020-07-02 09:23:11', '2020-07-02 09:23:11'),
(213, 22, 2, 2453, '2020-07-02 09:23:11', '2020-07-02 09:23:11'),
(214, 5, 3, 4287, '2020-07-02 09:23:11', '2020-07-02 09:23:11'),
(215, 38, 7, 3104, '2020-07-02 09:23:11', '2020-07-02 09:23:11'),
(216, 9, 8, 3055, '2020-07-02 09:23:11', '2020-07-02 09:23:11'),
(217, 45, 1, 1918, '2020-07-02 09:23:11', '2020-07-02 09:23:11'),
(218, 6, 8, 2438, '2020-07-02 09:23:11', '2020-07-02 09:23:11'),
(219, 14, 8, 3704, '2020-07-02 09:23:11', '2020-07-02 09:23:11'),
(220, 26, 5, 3112, '2020-07-02 09:23:11', '2020-07-02 09:23:11'),
(221, 4, 6, 3277, '2020-07-02 09:23:11', '2020-07-02 09:23:11'),
(222, 28, 4, 1964, '2020-07-02 09:23:11', '2020-07-02 09:23:11'),
(223, 28, 6, 1109, '2020-07-02 09:23:11', '2020-07-02 09:23:11'),
(224, 6, 1, 1361, '2020-07-02 09:23:11', '2020-07-02 09:23:11'),
(225, 16, 2, 4227, '2020-07-02 09:23:11', '2020-07-02 09:23:11'),
(226, 29, 3, 2902, '2020-07-02 09:23:11', '2020-07-02 09:23:11'),
(227, 22, 1, 4056, '2020-07-02 09:23:11', '2020-07-02 09:23:11'),
(228, 3, 1, 504, '2020-07-02 09:23:11', '2020-07-02 09:23:11'),
(229, 17, 1, 420, '2020-07-02 09:23:12', '2020-07-02 09:23:12'),
(230, 20, 5, 220, '2020-07-02 09:23:12', '2020-07-02 09:23:12'),
(231, 7, 8, 2250, '2020-07-02 09:23:12', '2020-07-02 09:23:12'),
(232, 35, 2, 3857, '2020-07-02 09:23:12', '2020-07-02 09:23:12'),
(233, 15, 1, 4274, '2020-07-02 09:23:12', '2020-07-02 09:23:12'),
(234, 29, 1, 4584, '2020-07-02 09:23:12', '2020-07-02 09:23:12'),
(235, 1, 1, 2380, '2020-07-02 09:23:12', '2020-07-02 09:23:12'),
(236, 21, 7, 4726, '2020-07-02 09:23:12', '2020-07-02 09:23:12'),
(237, 1, 7, 597, '2020-07-02 09:23:12', '2020-07-02 09:23:12'),
(238, 34, 7, 2511, '2020-07-02 09:23:12', '2020-07-02 09:23:12'),
(239, 29, 2, 4670, '2020-07-02 09:23:12', '2020-07-02 09:23:12'),
(240, 15, 1, 4960, '2020-07-02 09:23:12', '2020-07-02 09:23:12'),
(241, 40, 7, 4455, '2020-07-02 09:23:12', '2020-07-02 09:23:12'),
(242, 27, 1, 3894, '2020-07-02 09:23:12', '2020-07-02 09:23:12'),
(243, 6, 6, 305, '2020-07-02 09:23:12', '2020-07-02 09:23:12'),
(244, 26, 6, 2573, '2020-07-02 09:23:12', '2020-07-02 09:23:12'),
(245, 11, 5, 230, '2020-07-02 09:23:12', '2020-07-02 09:23:12'),
(246, 2, 7, 906, '2020-07-02 09:23:12', '2020-07-02 09:23:12'),
(247, 14, 3, 649, '2020-07-02 09:23:12', '2020-07-02 09:23:12'),
(248, 4, 1, 2971, '2020-07-02 09:23:13', '2020-07-02 09:23:13'),
(249, 12, 5, 3004, '2020-07-02 09:23:13', '2020-07-02 09:23:13'),
(250, 16, 2, 2606, '2020-07-02 09:23:13', '2020-07-02 09:23:13'),
(251, 35, 6, 1244, '2020-07-02 09:23:13', '2020-07-02 09:23:13'),
(252, 12, 1, 907, '2020-07-02 09:23:13', '2020-07-02 09:23:13'),
(253, 42, 7, 2878, '2020-07-02 09:23:13', '2020-07-02 09:23:13'),
(254, 4, 5, 4634, '2020-07-02 09:23:13', '2020-07-02 09:23:13'),
(255, 23, 2, 4896, '2020-07-02 09:23:13', '2020-07-02 09:23:13'),
(256, 10, 6, 2110, '2020-07-02 09:23:13', '2020-07-02 09:23:13'),
(257, 5, 7, 4692, '2020-07-02 09:23:13', '2020-07-02 09:23:13'),
(258, 2, 2, 2640, '2020-07-02 09:23:13', '2020-07-02 09:23:13'),
(259, 5, 5, 4182, '2020-07-02 09:23:13', '2020-07-02 09:23:13'),
(260, 48, 2, 3229, '2020-07-02 09:23:13', '2020-07-02 09:23:13'),
(261, 25, 1, 2602, '2020-07-02 09:23:13', '2020-07-02 09:23:13'),
(262, 3, 6, 4045, '2020-07-02 09:23:14', '2020-07-02 09:23:14'),
(263, 30, 5, 423, '2020-07-02 09:23:14', '2020-07-02 09:23:14'),
(264, 2, 2, 685, '2020-07-02 09:23:14', '2020-07-02 09:23:14'),
(265, 33, 3, 695, '2020-07-02 09:23:14', '2020-07-02 09:23:14'),
(266, 20, 1, 4494, '2020-07-02 09:23:14', '2020-07-02 09:23:14'),
(267, 37, 6, 1528, '2020-07-02 09:23:14', '2020-07-02 09:23:14'),
(268, 8, 6, 1345, '2020-07-02 09:23:14', '2020-07-02 09:23:14'),
(269, 16, 3, 3908, '2020-07-02 09:23:14', '2020-07-02 09:23:14'),
(270, 40, 3, 2146, '2020-07-02 09:23:14', '2020-07-02 09:23:14'),
(271, 11, 1, 708, '2020-07-02 09:23:14', '2020-07-02 09:23:14'),
(272, 49, 2, 1888, '2020-07-02 09:23:14', '2020-07-02 09:23:14'),
(273, 1, 2, 2318, '2020-07-02 09:23:14', '2020-07-02 09:23:14'),
(274, 34, 2, 306, '2020-07-02 09:23:14', '2020-07-02 09:23:14'),
(275, 4, 3, 3122, '2020-07-02 09:23:15', '2020-07-02 09:23:15'),
(276, 18, 8, 3612, '2020-07-02 09:23:15', '2020-07-02 09:23:15'),
(277, 48, 7, 3233, '2020-07-02 09:23:15', '2020-07-02 09:23:15'),
(278, 11, 3, 3150, '2020-07-02 09:23:15', '2020-07-02 09:23:15'),
(279, 10, 4, 1240, '2020-07-02 09:23:15', '2020-07-02 09:23:15'),
(280, 1, 6, 2027, '2020-07-02 09:23:15', '2020-07-02 09:23:15'),
(281, 41, 5, 4822, '2020-07-02 09:23:15', '2020-07-02 09:23:15'),
(282, 44, 4, 4639, '2020-07-02 09:23:15', '2020-07-02 09:23:15'),
(283, 1, 1, 4653, '2020-07-02 09:23:15', '2020-07-02 09:23:15'),
(284, 2, 7, 1033, '2020-07-02 09:23:15', '2020-07-02 09:23:15'),
(285, 22, 2, 2229, '2020-07-02 09:23:15', '2020-07-02 09:23:15'),
(286, 7, 5, 4580, '2020-07-02 09:23:15', '2020-07-02 09:23:15'),
(287, 4, 3, 4170, '2020-07-02 09:23:15', '2020-07-02 09:23:15'),
(288, 4, 6, 3119, '2020-07-02 09:23:15', '2020-07-02 09:23:15'),
(289, 7, 5, 1927, '2020-07-02 09:23:16', '2020-07-02 09:23:16'),
(290, 28, 4, 419, '2020-07-02 09:23:16', '2020-07-02 09:23:16'),
(291, 27, 2, 914, '2020-07-02 09:23:16', '2020-07-02 09:23:16'),
(292, 20, 7, 1561, '2020-07-02 09:23:16', '2020-07-02 09:23:16'),
(293, 21, 1, 4893, '2020-07-02 09:23:16', '2020-07-02 09:23:16'),
(294, 40, 3, 2114, '2020-07-02 09:23:16', '2020-07-02 09:23:16'),
(295, 33, 8, 665, '2020-07-02 09:23:16', '2020-07-02 09:23:16'),
(296, 7, 1, 1575, '2020-07-02 09:23:16', '2020-07-02 09:23:16'),
(297, 46, 2, 3030, '2020-07-02 09:23:16', '2020-07-02 09:23:16'),
(298, 48, 7, 2304, '2020-07-02 09:23:16', '2020-07-02 09:23:16'),
(299, 40, 6, 2362, '2020-07-02 09:23:16', '2020-07-02 09:23:16'),
(300, 12, 8, 3277, '2020-07-02 09:23:16', '2020-07-02 09:23:16'),
(301, 27, 3, 2493, '2020-07-02 09:23:17', '2020-07-02 09:23:17'),
(302, 12, 3, 1227, '2020-07-02 09:23:17', '2020-07-02 09:23:17'),
(303, 24, 6, 2239, '2020-07-02 09:23:17', '2020-07-02 09:23:17'),
(304, 14, 6, 1567, '2020-07-02 09:23:17', '2020-07-02 09:23:17'),
(305, 32, 5, 4429, '2020-07-02 09:23:17', '2020-07-02 09:23:17'),
(306, 17, 6, 2373, '2020-07-02 09:23:17', '2020-07-02 09:23:17'),
(307, 25, 4, 4409, '2020-07-02 09:23:17', '2020-07-02 09:23:17'),
(308, 15, 2, 4771, '2020-07-02 09:23:17', '2020-07-02 09:23:17'),
(309, 49, 4, 606, '2020-07-02 09:23:17', '2020-07-02 09:23:17'),
(310, 27, 4, 3541, '2020-07-02 09:23:17', '2020-07-02 09:23:17'),
(311, 44, 4, 3488, '2020-07-02 09:23:17', '2020-07-02 09:23:17'),
(312, 29, 2, 4488, '2020-07-02 09:23:17', '2020-07-02 09:23:17'),
(313, 8, 7, 679, '2020-07-02 09:23:18', '2020-07-02 09:23:18'),
(314, 45, 8, 3140, '2020-07-02 09:23:18', '2020-07-02 09:23:18'),
(315, 46, 2, 3102, '2020-07-02 09:23:18', '2020-07-02 09:23:18'),
(316, 30, 2, 368, '2020-07-02 09:23:18', '2020-07-02 09:23:18'),
(317, 25, 1, 4724, '2020-07-02 09:23:18', '2020-07-02 09:23:18'),
(318, 37, 3, 1724, '2020-07-02 09:23:18', '2020-07-02 09:23:18'),
(319, 50, 8, 4347, '2020-07-02 09:23:18', '2020-07-02 09:23:18'),
(320, 9, 3, 4172, '2020-07-02 09:23:18', '2020-07-02 09:23:18'),
(321, 41, 1, 1827, '2020-07-02 09:23:18', '2020-07-02 09:23:18'),
(322, 39, 5, 2887, '2020-07-02 09:23:18', '2020-07-02 09:23:18'),
(323, 9, 4, 3706, '2020-07-02 09:23:19', '2020-07-02 09:23:19'),
(324, 29, 5, 2727, '2020-07-02 09:23:19', '2020-07-02 09:23:19'),
(325, 26, 1, 4988, '2020-07-02 09:23:19', '2020-07-02 09:23:19'),
(326, 19, 8, 2310, '2020-07-02 09:23:19', '2020-07-02 09:23:19'),
(327, 29, 6, 2463, '2020-07-02 09:23:19', '2020-07-02 09:23:19'),
(328, 1, 5, 1090, '2020-07-02 09:23:19', '2020-07-02 09:23:19'),
(329, 7, 3, 4557, '2020-07-02 09:23:19', '2020-07-02 09:23:19'),
(330, 20, 3, 2306, '2020-07-02 09:23:19', '2020-07-02 09:23:19'),
(331, 21, 7, 1398, '2020-07-02 09:23:19', '2020-07-02 09:23:19'),
(332, 3, 3, 426, '2020-07-02 09:23:19', '2020-07-02 09:23:19'),
(333, 44, 7, 4792, '2020-07-02 09:23:19', '2020-07-02 09:23:19'),
(334, 42, 4, 2694, '2020-07-02 09:23:20', '2020-07-02 09:23:20'),
(335, 10, 1, 3050, '2020-07-02 09:23:20', '2020-07-02 09:23:20'),
(336, 29, 7, 708, '2020-07-02 09:23:20', '2020-07-02 09:23:20'),
(337, 36, 4, 2373, '2020-07-02 09:23:20', '2020-07-02 09:23:20'),
(338, 15, 7, 3293, '2020-07-02 09:23:20', '2020-07-02 09:23:20'),
(339, 24, 8, 4063, '2020-07-02 09:23:20', '2020-07-02 09:23:20'),
(340, 21, 2, 4821, '2020-07-02 09:23:20', '2020-07-02 09:23:20'),
(341, 39, 8, 4051, '2020-07-02 09:23:20', '2020-07-02 09:23:20'),
(342, 50, 4, 4218, '2020-07-02 09:23:20', '2020-07-02 09:23:20'),
(343, 4, 3, 3548, '2020-07-02 09:23:20', '2020-07-02 09:23:20'),
(344, 29, 7, 382, '2020-07-02 09:23:20', '2020-07-02 09:23:20'),
(345, 18, 6, 4327, '2020-07-02 09:23:21', '2020-07-02 09:23:21'),
(346, 19, 6, 1616, '2020-07-02 09:23:21', '2020-07-02 09:23:21'),
(347, 36, 5, 3383, '2020-07-02 09:23:21', '2020-07-02 09:23:21'),
(348, 21, 4, 3495, '2020-07-02 09:23:21', '2020-07-02 09:23:21'),
(349, 17, 2, 4745, '2020-07-02 09:23:21', '2020-07-02 09:23:21'),
(350, 34, 7, 1818, '2020-07-02 09:23:21', '2020-07-02 09:23:21'),
(351, 44, 4, 1899, '2020-07-02 09:23:21', '2020-07-02 09:23:21'),
(352, 43, 4, 279, '2020-07-02 09:23:21', '2020-07-02 09:23:21'),
(353, 15, 3, 2022, '2020-07-02 09:23:21', '2020-07-02 09:23:21'),
(354, 45, 1, 1719, '2020-07-02 09:23:21', '2020-07-02 09:23:21'),
(355, 22, 8, 839, '2020-07-02 09:23:21', '2020-07-02 09:23:21'),
(356, 19, 8, 2174, '2020-07-02 09:23:21', '2020-07-02 09:23:21'),
(357, 39, 7, 4614, '2020-07-02 09:23:21', '2020-07-02 09:23:21'),
(358, 22, 2, 4908, '2020-07-02 09:23:22', '2020-07-02 09:23:22'),
(359, 3, 3, 3512, '2020-07-02 09:23:22', '2020-07-02 09:23:22'),
(360, 2, 8, 3778, '2020-07-02 09:23:22', '2020-07-02 09:23:22'),
(361, 42, 8, 2954, '2020-07-02 09:23:22', '2020-07-02 09:23:22'),
(362, 22, 7, 4312, '2020-07-02 09:23:22', '2020-07-02 09:23:22'),
(363, 37, 3, 1179, '2020-07-02 09:23:22', '2020-07-02 09:23:22'),
(364, 48, 7, 1649, '2020-07-02 09:23:22', '2020-07-02 09:23:22'),
(365, 12, 4, 4889, '2020-07-02 09:23:22', '2020-07-02 09:23:22'),
(366, 20, 2, 4264, '2020-07-02 09:23:22', '2020-07-02 09:23:22'),
(367, 38, 2, 235, '2020-07-02 09:23:22', '2020-07-02 09:23:22'),
(368, 33, 5, 1506, '2020-07-02 09:23:22', '2020-07-02 09:23:22'),
(369, 5, 3, 776, '2020-07-02 09:23:22', '2020-07-02 09:23:22'),
(370, 15, 2, 2252, '2020-07-02 09:23:22', '2020-07-02 09:23:22'),
(371, 40, 3, 4754, '2020-07-02 09:23:23', '2020-07-02 09:23:23'),
(372, 11, 5, 351, '2020-07-02 09:23:23', '2020-07-02 09:23:23'),
(373, 1, 3, 1439, '2020-07-02 09:23:23', '2020-07-02 09:23:23'),
(374, 22, 7, 2777, '2020-07-02 09:23:23', '2020-07-02 09:23:23'),
(375, 33, 1, 3291, '2020-07-02 09:23:23', '2020-07-02 09:23:23'),
(376, 2, 8, 3624, '2020-07-02 09:23:23', '2020-07-02 09:23:23'),
(377, 44, 8, 3870, '2020-07-02 09:23:23', '2020-07-02 09:23:23'),
(378, 11, 8, 2130, '2020-07-02 09:23:23', '2020-07-02 09:23:23'),
(379, 16, 2, 568, '2020-07-02 09:23:23', '2020-07-02 09:23:23'),
(380, 36, 1, 4437, '2020-07-02 09:23:23', '2020-07-02 09:23:23'),
(381, 40, 2, 3530, '2020-07-02 09:23:23', '2020-07-02 09:23:23'),
(382, 47, 7, 3434, '2020-07-02 09:23:23', '2020-07-02 09:23:23'),
(383, 26, 3, 3792, '2020-07-02 09:23:23', '2020-07-02 09:23:23'),
(384, 25, 4, 2183, '2020-07-02 09:23:23', '2020-07-02 09:23:23'),
(385, 26, 3, 3974, '2020-07-02 09:23:23', '2020-07-02 09:23:23'),
(386, 13, 3, 4709, '2020-07-02 09:23:24', '2020-07-02 09:23:24'),
(387, 7, 3, 3362, '2020-07-02 09:23:24', '2020-07-02 09:23:24'),
(388, 9, 2, 2421, '2020-07-02 09:23:24', '2020-07-02 09:23:24'),
(389, 3, 3, 3760, '2020-07-02 09:23:24', '2020-07-02 09:23:24'),
(390, 10, 7, 2924, '2020-07-02 09:23:24', '2020-07-02 09:23:24'),
(391, 16, 1, 4593, '2020-07-02 09:23:24', '2020-07-02 09:23:24'),
(392, 17, 6, 3637, '2020-07-02 09:23:24', '2020-07-02 09:23:24'),
(393, 18, 5, 4610, '2020-07-02 09:23:24', '2020-07-02 09:23:24'),
(394, 40, 7, 2337, '2020-07-02 09:23:24', '2020-07-02 09:23:24'),
(395, 26, 8, 2525, '2020-07-02 09:23:24', '2020-07-02 09:23:24'),
(396, 7, 5, 4131, '2020-07-02 09:23:24', '2020-07-02 09:23:24'),
(397, 2, 7, 4958, '2020-07-02 09:23:24', '2020-07-02 09:23:24'),
(398, 46, 1, 857, '2020-07-02 09:23:24', '2020-07-02 09:23:24'),
(399, 23, 4, 4690, '2020-07-02 09:23:24', '2020-07-02 09:23:24'),
(400, 49, 3, 4621, '2020-07-02 09:23:25', '2020-07-02 09:23:25');

-- --------------------------------------------------------

--
-- Структура таблиці `users`
--

CREATE TABLE `users` (
  `id` int(10) UNSIGNED NOT NULL,
  `name` varchar(191) COLLATE utf8mb4_unicode_ci NOT NULL,
  `email` varchar(191) COLLATE utf8mb4_unicode_ci NOT NULL,
  `email_verified_at` timestamp NULL DEFAULT NULL,
  `password` varchar(191) COLLATE utf8mb4_unicode_ci NOT NULL,
  `remember_token` varchar(100) COLLATE utf8mb4_unicode_ci DEFAULT NULL,
  `created_at` timestamp NULL DEFAULT NULL,
  `updated_at` timestamp NULL DEFAULT NULL
) ENGINE=InnoDB DEFAULT CHARSET=utf8mb4 COLLATE=utf8mb4_unicode_ci;

--
-- Дамп даних таблиці `users`
--

INSERT INTO `users` (`id`, `name`, `email`, `email_verified_at`, `password`, `remember_token`, `created_at`, `updated_at`) VALUES
(1, 'Dmytro', 'admin@gmail.com', NULL, '$2y$10$0N8N3c/cyrhWGeSvKhgFr.InFpHWjAnlJrpteUt40rGQauHQnqYuq', 'dcsfk7Q0cxtE3Eo1edbM30wZP7Ehiyvrn9NBbk9DZH4iUSzWFZqzXVm6fUeK', NULL, NULL),
(2, 'Roma', 'roma@gmail.com', NULL, '$2y$10$.svg3GPNjqD5LOmE2cl4Ruy5lvs0dZ22mewGMnZSPg29ua/XefD92', 'aR3TrSfTlLG6x2QNa69QFK7Q4QOxH00ZPvyigKLho2bdnmNN2CrjRzAFSTth', NULL, NULL),
(3, 'Vova', 'vova@gmail.com', NULL, '$2y$10$.CLbQhXAzovDw2C122.vcO7nEcgoMO79sfmlb/VRn0jjqHzuKnAyW', 'CFW5F8v55PwWisLyXqSIJBwU82JxRn9WTliATBYvw6pgo9m8WLwUOtQ2oHm5', NULL, NULL);

--
-- Індекси збережених таблиць
--

--
-- Індекси таблиці `comments`
--
ALTER TABLE `comments`
  ADD PRIMARY KEY (`id`),
  ADD KEY `comments_tour_id_foreign` (`tour_id`),
  ADD KEY `comments_user_id_foreign` (`user_id`);

--
-- Індекси таблиці `comment_pluses`
--
ALTER TABLE `comment_pluses`
  ADD PRIMARY KEY (`id`),
  ADD KEY `comment_pluses_language_id_foreign` (`language_id`);

--
-- Індекси таблиці `coms_comt_pluses`
--
ALTER TABLE `coms_comt_pluses`
  ADD PRIMARY KEY (`id`),
  ADD KEY `coms_comt_pluses_comment_id_foreign` (`comment_id`),
  ADD KEY `coms_comt_pluses_comment_plus_id_foreign` (`comment_plus_id`);

--
-- Індекси таблиці `countries`
--
ALTER TABLE `countries`
  ADD PRIMARY KEY (`id`),
  ADD KEY `countries_language_id_foreign` (`language_id`);

--
-- Індекси таблиці `currencies`
--
ALTER TABLE `currencies`
  ADD PRIMARY KEY (`id`);

--
-- Індекси таблиці `events`
--
ALTER TABLE `events`
  ADD PRIMARY KEY (`id`);

--
-- Індекси таблиці `icons`
--
ALTER TABLE `icons`
  ADD PRIMARY KEY (`id`),
  ADD KEY `icons_language_id_foreign` (`language_id`);

--
-- Індекси таблиці `images`
--
ALTER TABLE `images`
  ADD PRIMARY KEY (`id`),
  ADD KEY `images_tour_id_foreign` (`tour_id`);

--
-- Індекси таблиці `jobs`
--
ALTER TABLE `jobs`
  ADD PRIMARY KEY (`id`),
  ADD KEY `jobs_queue_index` (`queue`);

--
-- Індекси таблиці `languages`
--
ALTER TABLE `languages`
  ADD PRIMARY KEY (`id`);

--
-- Індекси таблиці `migrations`
--
ALTER TABLE `migrations`
  ADD PRIMARY KEY (`id`);

--
-- Індекси таблиці `password_resets`
--
ALTER TABLE `password_resets`
  ADD KEY `password_resets_email_index` (`email`);

--
-- Індекси таблиці `permissions`
--
ALTER TABLE `permissions`
  ADD PRIMARY KEY (`id`),
  ADD UNIQUE KEY `permissions_name_unique` (`name`);

--
-- Індекси таблиці `permission_roles`
--
ALTER TABLE `permission_roles`
  ADD PRIMARY KEY (`id`),
  ADD KEY `permission_roles_role_id_foreign` (`role_id`),
  ADD KEY `permission_roles_permission_id_foreign` (`permission_id`);

--
-- Індекси таблиці `plus`
--
ALTER TABLE `plus`
  ADD PRIMARY KEY (`id`),
  ADD KEY `plus_language_id_foreign` (`language_id`),
  ADD KEY `plus_tour_id_foreign` (`tour_id`);

--
-- Індекси таблиці `regions`
--
ALTER TABLE `regions`
  ADD PRIMARY KEY (`id`),
  ADD KEY `regions_language_id_foreign` (`language_id`),
  ADD KEY `regions_country_id_foreign` (`country_id`);

--
-- Індекси таблиці `roles`
--
ALTER TABLE `roles`
  ADD PRIMARY KEY (`id`),
  ADD UNIQUE KEY `roles_name_unique` (`name`);

--
-- Індекси таблиці `roles_users`
--
ALTER TABLE `roles_users`
  ADD PRIMARY KEY (`id`),
  ADD KEY `roles_users_user_id_foreign` (`user_id`),
  ADD KEY `roles_users_role_id_foreign` (`role_id`);

--
-- Індекси таблиці `services`
--
ALTER TABLE `services`
  ADD PRIMARY KEY (`id`),
  ADD KEY `services_language_id_foreign` (`language_id`);

--
-- Індекси таблиці `species`
--
ALTER TABLE `species`
  ADD PRIMARY KEY (`id`),
  ADD KEY `species_language_id_foreign` (`language_id`);

--
-- Індекси таблиці `subscriptions`
--
ALTER TABLE `subscriptions`
  ADD PRIMARY KEY (`id`),
  ADD UNIQUE KEY `subscriptions_email_unique` (`email`);

--
-- Індекси таблиці `tours`
--
ALTER TABLE `tours`
  ADD PRIMARY KEY (`id`),
  ADD KEY `tours_region_id_foreign` (`region_id`),
  ADD KEY `tours_language_id_foreign` (`language_id`),
  ADD KEY `tours_specie_id_foreign` (`specie_id`);

--
-- Індекси таблиці `tour_icons`
--
ALTER TABLE `tour_icons`
  ADD PRIMARY KEY (`id`),
  ADD KEY `tour_icons_tour_id_foreign` (`tour_id`),
  ADD KEY `tour_icons_icon_id_foreign` (`icon_id`);

--
-- Індекси таблиці `tour_services`
--
ALTER TABLE `tour_services`
  ADD PRIMARY KEY (`id`),
  ADD KEY `tour_services_tour_id_foreign` (`tour_id`),
  ADD KEY `tour_services_service_id_foreign` (`service_id`);

--
-- Індекси таблиці `users`
--
ALTER TABLE `users`
  ADD PRIMARY KEY (`id`),
  ADD UNIQUE KEY `users_email_unique` (`email`);

--
-- AUTO_INCREMENT для збережених таблиць
--

--
-- AUTO_INCREMENT для таблиці `comments`
--
ALTER TABLE `comments`
  MODIFY `id` int(10) UNSIGNED NOT NULL AUTO_INCREMENT, AUTO_INCREMENT=5;

--
-- AUTO_INCREMENT для таблиці `comment_pluses`
--
ALTER TABLE `comment_pluses`
  MODIFY `id` int(10) UNSIGNED NOT NULL AUTO_INCREMENT, AUTO_INCREMENT=6;

--
-- AUTO_INCREMENT для таблиці `coms_comt_pluses`
--
ALTER TABLE `coms_comt_pluses`
  MODIFY `id` int(10) UNSIGNED NOT NULL AUTO_INCREMENT, AUTO_INCREMENT=41;

--
-- AUTO_INCREMENT для таблиці `countries`
--
ALTER TABLE `countries`
  MODIFY `id` int(10) UNSIGNED NOT NULL AUTO_INCREMENT, AUTO_INCREMENT=25;

--
-- AUTO_INCREMENT для таблиці `currencies`
--
ALTER TABLE `currencies`
  MODIFY `id` int(10) UNSIGNED NOT NULL AUTO_INCREMENT, AUTO_INCREMENT=5;

--
-- AUTO_INCREMENT для таблиці `events`
--
ALTER TABLE `events`
  MODIFY `id` int(10) UNSIGNED NOT NULL AUTO_INCREMENT, AUTO_INCREMENT=5;

--
-- AUTO_INCREMENT для таблиці `icons`
--
ALTER TABLE `icons`
  MODIFY `id` int(10) UNSIGNED NOT NULL AUTO_INCREMENT, AUTO_INCREMENT=13;

--
-- AUTO_INCREMENT для таблиці `images`
--
ALTER TABLE `images`
  MODIFY `id` int(10) UNSIGNED NOT NULL AUTO_INCREMENT, AUTO_INCREMENT=401;

--
-- AUTO_INCREMENT для таблиці `jobs`
--
ALTER TABLE `jobs`
  MODIFY `id` bigint(20) UNSIGNED NOT NULL AUTO_INCREMENT;

--
-- AUTO_INCREMENT для таблиці `languages`
--
ALTER TABLE `languages`
  MODIFY `id` int(10) UNSIGNED NOT NULL AUTO_INCREMENT, AUTO_INCREMENT=4;

--
-- AUTO_INCREMENT для таблиці `migrations`
--
ALTER TABLE `migrations`
  MODIFY `id` int(10) UNSIGNED NOT NULL AUTO_INCREMENT, AUTO_INCREMENT=330;

--
-- AUTO_INCREMENT для таблиці `permissions`
--
ALTER TABLE `permissions`
  MODIFY `id` int(10) UNSIGNED NOT NULL AUTO_INCREMENT, AUTO_INCREMENT=18;

--
-- AUTO_INCREMENT для таблиці `permission_roles`
--
ALTER TABLE `permission_roles`
  MODIFY `id` int(10) UNSIGNED NOT NULL AUTO_INCREMENT, AUTO_INCREMENT=11;

--
-- AUTO_INCREMENT для таблиці `plus`
--
ALTER TABLE `plus`
  MODIFY `id` int(10) UNSIGNED NOT NULL AUTO_INCREMENT, AUTO_INCREMENT=99;

--
-- AUTO_INCREMENT для таблиці `regions`
--
ALTER TABLE `regions`
  MODIFY `id` int(10) UNSIGNED NOT NULL AUTO_INCREMENT, AUTO_INCREMENT=7;

--
-- AUTO_INCREMENT для таблиці `roles`
--
ALTER TABLE `roles`
  MODIFY `id` int(10) UNSIGNED NOT NULL AUTO_INCREMENT, AUTO_INCREMENT=4;

--
-- AUTO_INCREMENT для таблиці `roles_users`
--
ALTER TABLE `roles_users`
  MODIFY `id` int(10) UNSIGNED NOT NULL AUTO_INCREMENT, AUTO_INCREMENT=4;

--
-- AUTO_INCREMENT для таблиці `services`
--
ALTER TABLE `services`
  MODIFY `id` int(10) UNSIGNED NOT NULL AUTO_INCREMENT, AUTO_INCREMENT=9;

--
-- AUTO_INCREMENT для таблиці `species`
--
ALTER TABLE `species`
  MODIFY `id` int(10) UNSIGNED NOT NULL AUTO_INCREMENT, AUTO_INCREMENT=7;

--
-- AUTO_INCREMENT для таблиці `subscriptions`
--
ALTER TABLE `subscriptions`
  MODIFY `id` int(10) UNSIGNED NOT NULL AUTO_INCREMENT, AUTO_INCREMENT=4;

--
-- AUTO_INCREMENT для таблиці `tours`
--
ALTER TABLE `tours`
  MODIFY `id` int(10) UNSIGNED NOT NULL AUTO_INCREMENT, AUTO_INCREMENT=51;

--
-- AUTO_INCREMENT для таблиці `tour_icons`
--
ALTER TABLE `tour_icons`
  MODIFY `id` int(10) UNSIGNED NOT NULL AUTO_INCREMENT, AUTO_INCREMENT=401;

--
-- AUTO_INCREMENT для таблиці `tour_services`
--
ALTER TABLE `tour_services`
  MODIFY `id` int(10) UNSIGNED NOT NULL AUTO_INCREMENT, AUTO_INCREMENT=401;

--
-- AUTO_INCREMENT для таблиці `users`
--
ALTER TABLE `users`
  MODIFY `id` int(10) UNSIGNED NOT NULL AUTO_INCREMENT, AUTO_INCREMENT=4;

--
-- Обмеження зовнішнього ключа збережених таблиць
--

--
-- Обмеження зовнішнього ключа таблиці `comments`
--
ALTER TABLE `comments`
  ADD CONSTRAINT `comments_tour_id_foreign` FOREIGN KEY (`tour_id`) REFERENCES `tours` (`id`),
  ADD CONSTRAINT `comments_user_id_foreign` FOREIGN KEY (`user_id`) REFERENCES `users` (`id`);

--
-- Обмеження зовнішнього ключа таблиці `comment_pluses`
--
ALTER TABLE `comment_pluses`
  ADD CONSTRAINT `comment_pluses_language_id_foreign` FOREIGN KEY (`language_id`) REFERENCES `languages` (`id`);

--
-- Обмеження зовнішнього ключа таблиці `coms_comt_pluses`
--
ALTER TABLE `coms_comt_pluses`
  ADD CONSTRAINT `coms_comt_pluses_comment_id_foreign` FOREIGN KEY (`comment_id`) REFERENCES `comments` (`id`),
  ADD CONSTRAINT `coms_comt_pluses_comment_plus_id_foreign` FOREIGN KEY (`comment_plus_id`) REFERENCES `comment_pluses` (`id`);

--
-- Обмеження зовнішнього ключа таблиці `countries`
--
ALTER TABLE `countries`
  ADD CONSTRAINT `countries_language_id_foreign` FOREIGN KEY (`language_id`) REFERENCES `languages` (`id`);

--
-- Обмеження зовнішнього ключа таблиці `icons`
--
ALTER TABLE `icons`
  ADD CONSTRAINT `icons_language_id_foreign` FOREIGN KEY (`language_id`) REFERENCES `languages` (`id`);

--
-- Обмеження зовнішнього ключа таблиці `images`
--
ALTER TABLE `images`
  ADD CONSTRAINT `images_tour_id_foreign` FOREIGN KEY (`tour_id`) REFERENCES `tours` (`id`);

--
-- Обмеження зовнішнього ключа таблиці `permission_roles`
--
ALTER TABLE `permission_roles`
  ADD CONSTRAINT `permission_roles_permission_id_foreign` FOREIGN KEY (`permission_id`) REFERENCES `permissions` (`id`),
  ADD CONSTRAINT `permission_roles_role_id_foreign` FOREIGN KEY (`role_id`) REFERENCES `roles` (`id`);

--
-- Обмеження зовнішнього ключа таблиці `plus`
--
ALTER TABLE `plus`
  ADD CONSTRAINT `plus_language_id_foreign` FOREIGN KEY (`language_id`) REFERENCES `languages` (`id`),
  ADD CONSTRAINT `plus_tour_id_foreign` FOREIGN KEY (`tour_id`) REFERENCES `tours` (`id`);

--
-- Обмеження зовнішнього ключа таблиці `regions`
--
ALTER TABLE `regions`
  ADD CONSTRAINT `regions_country_id_foreign` FOREIGN KEY (`country_id`) REFERENCES `countries` (`id`),
  ADD CONSTRAINT `regions_language_id_foreign` FOREIGN KEY (`language_id`) REFERENCES `languages` (`id`);

--
-- Обмеження зовнішнього ключа таблиці `roles_users`
--
ALTER TABLE `roles_users`
  ADD CONSTRAINT `roles_users_role_id_foreign` FOREIGN KEY (`role_id`) REFERENCES `roles` (`id`),
  ADD CONSTRAINT `roles_users_user_id_foreign` FOREIGN KEY (`user_id`) REFERENCES `users` (`id`);

--
-- Обмеження зовнішнього ключа таблиці `services`
--
ALTER TABLE `services`
  ADD CONSTRAINT `services_language_id_foreign` FOREIGN KEY (`language_id`) REFERENCES `languages` (`id`);

--
-- Обмеження зовнішнього ключа таблиці `species`
--
ALTER TABLE `species`
  ADD CONSTRAINT `species_language_id_foreign` FOREIGN KEY (`language_id`) REFERENCES `languages` (`id`);

--
-- Обмеження зовнішнього ключа таблиці `tours`
--
ALTER TABLE `tours`
  ADD CONSTRAINT `tours_language_id_foreign` FOREIGN KEY (`language_id`) REFERENCES `languages` (`id`),
  ADD CONSTRAINT `tours_region_id_foreign` FOREIGN KEY (`region_id`) REFERENCES `regions` (`id`),
  ADD CONSTRAINT `tours_specie_id_foreign` FOREIGN KEY (`specie_id`) REFERENCES `species` (`id`);

--
-- Обмеження зовнішнього ключа таблиці `tour_icons`
--
ALTER TABLE `tour_icons`
  ADD CONSTRAINT `tour_icons_icon_id_foreign` FOREIGN KEY (`icon_id`) REFERENCES `icons` (`id`),
  ADD CONSTRAINT `tour_icons_tour_id_foreign` FOREIGN KEY (`tour_id`) REFERENCES `tours` (`id`);

--
-- Обмеження зовнішнього ключа таблиці `tour_services`
--
ALTER TABLE `tour_services`
  ADD CONSTRAINT `tour_services_service_id_foreign` FOREIGN KEY (`service_id`) REFERENCES `services` (`id`),
  ADD CONSTRAINT `tour_services_tour_id_foreign` FOREIGN KEY (`tour_id`) REFERENCES `tours` (`id`);
COMMIT;

/*!40101 SET CHARACTER_SET_CLIENT=@OLD_CHARACTER_SET_CLIENT */;
/*!40101 SET CHARACTER_SET_RESULTS=@OLD_CHARACTER_SET_RESULTS */;
/*!40101 SET COLLATION_CONNECTION=@OLD_COLLATION_CONNECTION */;
